병원명,기관구분,주소,지역,위도,경도
기관명,기관구분,주소,기타,,
(재)천주의성요한병원,중독관리통합지원센터,"광주광역시 북구 태봉로 32, 유동 115-1",광주,35.1603325685691,126.903602534309
(학)일송학원 한림대학교성심병원,기초정신건강복지센터,관평로170번길 22,기타,37.3916511965629,126.961972175812
가득한집,정신재활시설,"서울특별시 금천구 시흥대로 133-7, 301호(시흥동)",서울,37.4459942451557,126.902779891346
가람슬기,정신재활시설,"서울특별시 광진구 천호대로 116길 109, 301",서울,,
가온길,정신재활시설,"서울특별시 노원구 공릉로 58나길 17, 2층(하계동)",서울,37.6364448403342,127.073523610521
가온누리,정신재활시설,충청남도 아산시 번영로 169번길 6-5,충청남도,36.7858993712246,127.010150052866
가평군자살예방센터,자살예방센터,경기도 가평군 가평읍 가화로 155-15,경기,37.8330135308471,127.510822815337
가평꽃동네 정신요양원,정신요양시설,경기도 가평군 조종면 꽃동네길 60,경기,37.885438528938,127.350534390164
강남구 정신건강복지센터,기초정신건강복지센터,"서울특별시 강남구 자곡로 100, 자곡문화센터 2층",서울,37.4714960885035,127.094495808084
강릉시정신건강복지센터,기초정신건강복지센터,"강릉시 남구길 23번길24 3층,4층",기타,37.7636350288816,128.903223848062
강릉중독관리통합지원센터,중독관리통합지원센터,강원도 강릉시 용지로144 리치빌딩 4층,강원,37.7616877892768,128.902503321014
강북구 정신건강복지센터,기초정신건강복지센터,서울특별시 강북구 삼양로19길 154 삼각산분소 3층,서울,37.6170464839465,127.015639860009
강서그룹홈,정신재활시설,서울특별시 강서구 초록마을로16길 20,서울,37.5411864539361,126.849543454477
강서양지,정신재활시설,"서울특별시 강서구 등촌로35 가길 26, 301호",서울,37.5374354399218,126.862265551097
강원대학교병원,광역정신건강복지센터,강원도 춘천시 춘천로 306-5,강원,37.8813279070611,127.747178348244
강원대학교병원,기초정신건강복지센터,강원도 춘천시 효제길 35,강원,37.8713350506268,127.73722022094
강원도자살예방센터,자살예방센터,강원도 춘천시 춘천로 306-5 유칭프라자 3층,강원,37.8813279070611,127.747178348244
강진군 정신건강복지센터,기초정신건강복지센터,전라남도 강진군 강진읍 목리길11,전라남도,34.6383362257568,126.775710026687
강화정신요양원,정신요양시설,인천광역시 강화군 선원면 고식이길 20번길 19-3,인천,37.7286290058985,126.493839201851
거제시 정신건강복지센터,기초정신건강복지센터,경상남도 거제시 수양로 506,경상남도,34.8919308904292,128.636662234842
거창군 정신건강복지센터,기초정신건강복지센터,경상남도 거창군 거창읍 거함대로 3079,경상남도,35.6810635906997,127.898493523478
건국대학교 충주병원,기초정신건강복지센터,충청북도 충주시 국원대로78 2층 ,충청북도,36.978440433485,127.928508360075
건양대학교병원,기초정신건강복지센터,대전광역시 서구 만년로 74 서구보건소 6층,대전,36.3670884877018,127.381099831657
경기다사모,정신재활시설,경기도 수원시 팔달구 매산로89,경기,37.2704984896655,127.010674176609
경기도 기초정신건강복지센터,기초정신건강복지센터,경기도 광주시 파발로 194번지,경기,37.4164309113198,127.250721806748
경기도의료원 의정부병원,기초정신건강복지센터,경기도 의정부시 범골로 131 의정부시보건소 3층,경기,37.7361593290305,127.039559500906
경기도의료원 의정부병원,중독관리통합지원센터,"경기도 의정부시 의정로 52번길 18, 삼보빌딩 3층",경기,37.7372550351954,127.036074913974
경기도자살예방센터,자살예방센터,경기도 수원시 장안구 수성로 245번길 69 (정자동) 경기도의료원 2층,경기,37.2918594997553,126.996380749927
경농의료재단 양산병원,기초정신건강복지센터,"경상남도 양산시 중앙로 7-32, 양산시보건복지센터 4층 양산시정신건강복지센터",경상남도,35.3321571425744,129.037994695879
경북대학교 간호과학연구소,기초정신건강복지센터,경상북도 구미시 선산대로 111,경상북도,36.1399351420163,128.345953658523
경북대학교 간호대학,기초정신건강복지센터,경상북도 영천시 조양공원길 21,경상북도,35.9666147686485,128.932297612795
경북대학교병원,기초정신건강복지센터,"대구광역시 중구 태평로 45, 중구보건소 3층",대구,35.8778154965513,128.583335429377
경산복지재단,기초정신건강복지센터,경기도 화성시 향남로 470 화성종합경기타운 실내체육관 내 1층,경기,37.1374711167282,126.924665037515
경산복지재단,중독관리통합지원센터,경기도 화성시 정남면 서봉로 998 정남면보건지소 내 1층,경기,37.1603735753645,126.97106942952
경산세명병원,기초정신건강복지센터,경상북도 경산시 남매로 158,경상북도,35.8251124676537,128.743282285101
경상대학교병원,중독관리통합지원센터,경상남도 진주시 진주대로 816번길 20 2층,경상남도,35.1741509438565,128.095877753988
경성대학교 산학협력단,기초정신건강복지센터,부산광역시 강서구 공항로 811번길 10 강서브라이트센터 내 보건소 3층,부산,35.1801905573425,128.957408226606
경주정신건강상담센터,정신재활시설,"경상북도 경주시 북성로 124, 2층",경상북도,35.8470303019658,129.215264644576
경희사회복귀시설,정신재활시설,"광주광역시 북구 연양로 105번길 14, 스카이빌 301, 303, 304호",광주,35.2075509180462,126.879387530431
경희의료원,기초정신건강복지센터,서울특별시 동대문구 홍릉로81 2층,서울,37.5875163184778,127.042707637538
계룡시 정신건강복지센터,기초정신건강복지센터,충청남도 계룡시 장안로 54(금암동 10-5),충청남도,36.2730574044493,127.250026359403
계요병원,기초정신건강복지센터,경기도 의왕시 오봉로34 의왕시보건소별관,경기,37.3437876927353,126.971993805282
고담의료재단 마더스병원,광역정신건강복지센터,"울산광역시 남구 화합로 105, 로하스빌딩 2층",울산,35.5340902870779,129.340633053458
고담의료재단 마더스병원,중독관리통합지원센터,"울산광역시 남구 화합로 105 (달동, 로하스빌딩 5층)",울산,35.5340902870779,129.340633053458
고담의료재단 마더스병원,중독관리통합지원센터,"울산광역시 중구 학성로 84-1, 3층",울산,35.5548972179278,129.320121236952
고려대학교 산학협력단,기초정신건강복지센터,경기도 안산시 단원구 화랑로 387,경기,37.3225569017972,126.83271351583
고려대학교 산학협력단,중독관리통합지원센터,"경기도 안산시 단원구 화랑로 387, 2층",경기,37.3225569017972,126.83271351583
고령군 정신건강복지센터,기초정신건강복지센터,경상북도 고령군 대가야읍 왕릉로 56-8,경상북도,35.7248718831614,128.264514796972
고성군 정신건강복지센터,기초정신건강복지센터,경상남도 고성군 남포로79번길 103-3,경상남도,34.9695737543353,128.315402934351
고성군정신건강복지센터,기초정신건강복지센터,강원 고성군 간성읍 수성로 30 보건소 2층,강원,38.3776748572342,128.472094142963
고성정신요양원,정신요양시설,경상남도 고성군 마암면 남해안대로3268-92,경상남도,35.0224617199626,128.353130677167
고신대학교 의과대학,기초정신건강복지센터,부산광역시 영도구 동삼북로2 동삼1주공아파트 상가 209호,부산,35.0827747930031,129.066771719936
고운누리,정신재활시설,"대전광역시 서구 도마로25번길 54, 101호(도마동)",대전,36.3247928486904,127.373259900601
고운누리,정신재활시설,경기도 성남시 수정구 산성대로 193 금성빌딩 5층,경기,37.4373145837914,127.139591219438
고정선신경 정신의학과,기초정신건강복지센터,인천광역시 동구 인중로 377 2층,인천,37.4830777767798,126.617713459133
고정선정신건강의학과의원,중독관리통합지원센터,인천광역시 동구 인중로 377 2층 ,인천,37.4830777767798,126.617713459133
고흥군 정신건강복지센터,기초정신건강복지센터,전라남도 고흥군 등암3길 5,전라남도,34.591985497768,127.269246889792
공감플러스,정신재활시설,서울특별시 강서구 화곡로61길 130 남영빌딩 3층,서울,37.5586424541538,126.845276067546
공생하우스,정신재활시설,제주특별자치도 제주시 아봉로449-10 ,제주,33.4714745882135,126.5821288192
공주벧엘정신요양원,정신요양시설,충청남도 공주시 백제문화로 2015-20,충청남도,36.4492789829685,127.099132052435
관악구 정신건강복지센터,기초정신건강복지센터,"서울특별시 관악구 관악로 145, 3동 4층",서울,37.4782106746327,126.951501244173
관악좋은집,정신재활시설,"서울특별시 관악구 법원단지32길 5, 201호(신림동)",서울,37.4756915539728,126.924694396307
광명시자살예방센터,자살예방센터,경기도 광명시 오리로 613 광명시보건소 1층 11호,경기,37.4554109876685,126.878163858407
광양시 정신건강복지센터,기초정신건강복지센터,전라남도 광양시 광양읍 인덕로 1100,전라남도,34.9809767437071,127.583622984452
광주광역시 기초정신건강복지센터,기초정신건강복지센터,광주광역시 서구 운천로 172번길 32(상무금호보건지소 정신보건팀),광주,35.1481814656476,126.860104312855
광주광역자살예방센터,자살예방센터,"광주광역시 동구 제봉로 27, 5층",광주,35.1411424902216,126.921149792306
광주새생명보건센터,정신재활시설,광주광역시 동구 중흥로 197,광주,35.1608203028187,126.915313504195
광주정신재활센터,정신재활시설,광주광역시 북구 서하로 240-18 2층,광주,35.1863712673404,126.907207030536
광주제일병원,중독관리통합지원센터,광주광역시 남구 독립로 25-1,광주,35.1359834510961,126.901334480018
광주해피라이프,정신재활시설,광주광역시 서구 화운로 172,광주,35.1542189324639,126.877034352649
광진 오사랑의집,정신재활시설,"서울특별시 광진구 긴고랑로 36길 57-11, 301호",서울,37.5574058364273,127.091229498274
광진구정신건강복지센터,기초정신건강복지센터,서울특별시 광진구 긴고랑로 110 중곡종합건강센터 4층,서울,37.5593377255761,127.087091192357
괴산군 정신건강복지센터,기초정신건강복지센터,충청북도 괴산군 괴산읍 읍내로2길 27-10,충청북도,36.8069030424382,127.79093563474
구례군 정신건강복지센터,기초정신건강복지센터,전라남도 구례군 구례읍 동편제길30 ,전라남도,35.2159694811538,127.461797638702
구로구 정신건강복지센터,기초정신건강복지센터,서울특별시 구로구 새말로 60,서울,37.5032247869143,126.886639083503
구로구공동희망학교,정신재활시설,"서울특별시 구로구 구로중앙로18길 50, 2층",서울,37.4957655356585,126.892019888018
구미시 정신건강복지센터,기초정신건강복지센터,경상북도 구미시 선산읍 선주로 121,경상북도,36.2441790368235,128.299949075152
국립공주병원,광역정신건강복지센터,충청남도 홍성군 홍북면 충청남도대로 21,충청남도,,
국립공주병원,기초정신건강복지센터,충청남도 공주시 봉황로 123 1층,충청남도,36.4571174145938,127.1206564037
국립나주병원,기초정신건강복지센터,"광주광역시 광산구 상무대로 239-1, 3층",광주,35.1406225706742,126.793246013325
국립나주병원,기초정신건강복지센터,"광주광역시 남구 봉선로 1, 5층",광주,35.1329064682079,126.902447908848
국립나주병원,광역정신건강복지센터,전라남도 나주시 산포면 세남로 1328-31,전라남도,35.0095083960446,126.825598831771
국립나주병원,기초정신건강복지센터,전라남도 곡성군 곡성읍 곡성로,전라남도,35.2557917241262,127.268374699517
국립나주병원,기초정신건강복지센터,전라남도 나주시 건재로 211 1층,전라남도,35.051055084764,126.72375072832
국립나주병원,기초정신건강복지센터,전라남도 장흥군 장흥읍 동교1길 13,전라남도,34.6770533463189,126.906932257477
국립정신건강센터,중독관리통합지원센터,서울특별시 강북구 삼양로 335-1 2층,서울,37.6334143231979,127.017155278047
국립중앙의료원,기초정신건강복지센터,"서울특별시 강동구 성내로 45, 1층",서울,37.5295419850552,127.125585505976
국립춘천병원,기초정신건강복지센터,강원도 홍천군 홍천읍 신장대로5 홍천군건강증진센터 2층,강원,37.6902218742468,127.8772937235
국민건강보험공단 일산병원,기초정신건강복지센터,경기도 고양시 덕양구 고양시청로 13-6 현대빌딩 2층,경기,37.6569672416944,126.832142082947
군산의료원,중독관리통합지원센터,전라북도 군산시 백마길16,전라북도,35.9448078485591,126.809878964972
귀일정신요양원,정신요양시설,광주광역시 남구 용대로 74번길 21,광주,35.1220248886827,126.921504140118
그라따,정신재활시설,서울특별시 도봉구 도봉로 181 가길6 1층,서울,37.6837497599278,127.045096999104
그루터기,정신재활시설,제주특별자치도 제주시 원당북로65 ,제주,33.5330212783381,126.600141647479
그리스도요양원,정신요양시설,부산광역시 서구 옥천로 130번길 40,부산,35.0975123504517,129.013682464641
그린나래,정신재활시설,경상북도 상주시 만산8길 61,경상북도,36.4438520374146,128.150648787387
그린홈,정신재활시설,"서울특별시 중랑구 동일로 92길 39-21, 2층",서울,37.5843808555595,127.082222699844
글로리병원,중독관리통합지원센터,인천광역시 부평구 마장로 410번길 5 청천2동주민센터 3층,인천,37.5148734516508,126.704539761792
금촌혜민의집,정신재활시설,"경기도 파주시 조리읍 송비말길 22, 성원아파트 102동 703호",경기,37.7422396366522,126.806084454017
기독성심원,정신요양시설,충청남도 천안시 동남구 성남면 성심원길 124,충청남도,36.7539444633758,127.245791086717
기쁜우리사회 복귀시설,정신재활시설,부산광역시 영도구 함지로 33-10,부산,35.0722162881235,129.061750367721
기쁨해,정신재활시설,경기도 고양시 덕양구 고양대로 1395번길 76 3층,경기,37.657030341341,126.841410750194
길벗 ,정신재활시설,"경기도 화성시 병점로 17-7, 201호(진안동)",경기,37.2093835381581,127.036432906378
길벗둥지,정신재활시설,"서울특별시 동대문구 서울시립대로 18길 36, 1층",서울,37.5799943965664,127.053293616311
길병원,광역정신건강복지센터,인천광역시 남동구 남동대로 774번길 24,인천,37.4510392789722,126.709409851144
길정신건강센터,정신재활시설,제주특별자치도 제주시 한림읍 한림뱅디길 88-17,제주,33.4053657913908,126.279134546619
길정의료재단 대남병원,기초정신건강복지센터,"부산광역시 사상구 가야대로 196번길 51, 3층 다누림센터",부산,35.1473813660731,128.995023021355
김천시 정신건강복지센터,기초정신건강복지센터,경상북도 김천시 체육공원길 21 3층,경상북도,36.1197326583229,128.144527234471
김포한누리병원,기초정신건강복지센터,인천광역시 강화군 강화읍 충렬사로 26-1,인천,37.7372942002653,126.484858623273
꽃동네 정신요양원,정신요양시설,충청북도 음성군 맹동면 꽃동네길 22,충청북도,36.9402658781891,127.576438533261
꽃동네치료공동체,정신재활시설,세종특별자치시 부강면 노호등곡1로 237번지,세종,36.5125248544166,127.399555428264
꽃피는집,정신재활시설,대전광역시 중구 테미로 8(대흥동),대전,36.3191468332128,127.420140288216
꿈꾸는달팽이,정신재활시설,"서울특별시 구로구 디지털로 26길 110, 동일테크노타운 2차 302호",서울,37.4820341980031,126.897707247867
꿈꾸는집,정신재활시설,"서울특별시 관악구 당곡6길 65, 201호",서울,37.4929358880802,126.930776112365
꿈의둥지,정신재활시설,"인천광역시 미추홀구 소성로 318번길 18-16, 현빌리지 301호,302호",인천,,
꿈이있는사람들,정신재활시설,대구광역시 달성군 화원읍 비슬로 523길 3-26,대구,35.8053877831354,128.501435916406
꿈이있는집,정신재활시설,전라북도 전주시 덕진구 아중1길 23-3 퓨처빌B 402호,전라북도,35.8292882858755,127.171903538523
꿈터,정신재활시설,"경기도 성남시 분당구 느티로 51번길16-9, 1층",경기,37.3702198282392,127.111037615231
낑알이공동체,정신재활시설,경상북도 영천시 교촌동서길14,경상북도,35.9682535329425,128.928687866008
낑알이공동체 2호,정신재활시설,경상북도 영천시 교촌동서길14,경상북도,35.9682535329425,128.928687866008
낑알이공동체 3호,정신재활시설,경상북도 영천시 쌍계길 104,경상북도,35.962560199757,128.905703075884
나눔터,정신재활시설,"서울특별시 성북구 석관동 133-44, 태영빌딩 501호",서울,37.6130737653779,127.065279007325
나무 ,정신재활시설,"경기도 평택시 평택 4로 39, 6층",경기,36.9915932926267,127.100062700787
나비의꿈,정신재활시설,충청남도 천안시 서북구 두정중 11길 26. 5층 마천루빌딩,충청남도,36.8376840115833,127.141187701037
나사렛대학교 산학협력단,중독관리통합지원센터,충청남도 천안시 동남구 버들로 40 1층,충청남도,36.8071777710683,127.151457098785
남동정신재활시설 그루터기,정신재활시설,인천광역시 남동구 담방서로 23번길 17,인천,37.4472421766586,126.736400206411
남양집 ,정신재활시설,"경기도 화성시 동탄면 금곡로 68-6, 101호",경기,37.1667840051541,127.078938930437
남원시 정신건강복지센터,기초정신건강복지센터,전라북도 남원시 동문로 42-1(남원농협 동문지점 2층),전라북도,35.4093960397116,127.386275275295
남자담쟁이,정신재활시설,"경기도 성남시 중원구 자혜로 8번길 59-5호, 1층",경기,37.4455606594722,127.158529762068
남해군 정신건강복지센터,기초정신건강복지센터,경상남도 남해군 남해읍 선소로 6,경상남도,34.8447498769141,127.898785702774
내동화세상,정신재활시설,서울특별시 도봉구 도봉산 3길 17-16,서울,37.6864251961872,127.044190168564
내마음까페,정신재활시설,"충청남도 서산시 지곡면 충의로 762-78, 늘푸른오스카빌 102동 1005호",충청남도,36.8428114488663,126.448522516859
네잎클로버,정신재활시설,경기도 수원시 팔달구 월드컵로 321번길34-20 나동 2층 301호,경기,37.2866492914527,127.032033657346
노원구 정신건강복지센터,기초정신건강복지센터,"서울특별시 노원구 노해로 455, 인산빌딩 5층",서울,37.6541750459494,127.058520463625
노원아이존,정신재활시설,"서울특별시 노원구 한글비석로 326, 3층",서울,37.6565230496255,127.078327032564
노원희망공간이룸,정신재활시설,"서울특별시 노원구 한글비석로 422, 2층(상계동)",서울,37.6620264368073,127.070299634066
노정신건강의학과의원,기초정신건강복지센터,서울특별시 마포구 성산로4길 15 3층,서울,37.563368493241,126.907895665906
논산시 정신건강복지센터,기초정신건강복지센터,충청남도 논산시 논산대로382,충청남도,36.196077385035,127.103564735082
논산정신요양원,정신요양시설,충청남도 논산시 상월면 월오1길 54,충청남도,36.3048510601218,127.128202708558
누리봄,정신재활시설,서울특별시 광진구 용마산로 25길 10,서울,37.5667699331622,127.085888706693
늘푸른집,정신재활시설,서울특별시 도봉구 시루봉로 295-3,서울,37.6715507251553,127.041812230084
늘푸른집,정신재활시설,세종특별자치시 연서면 효교로 135-22,세종,36.5720274887684,127.237945991089
늘푸름,정신재활시설,경기도 오산시 은여울로 59,경기,37.159599755185,127.072645413292
닛시복지마을,정신재활시설,충청북도 괴산군 문광면 흑석2길 20-148,충청북도,36.7486969056143,127.823666468383
다솜,정신재활시설,서울특별시 구로구 고척로 10길 9-5,서울,37.4989017021411,126.841821880247
다솜,정신재활시설,대전광역시 유성구 은구비남로 55 ,대전,36.3734241120674,127.320912901566
다온집,정신재활시설,경기도 안양시 만안구 양화로106번길 8402호,경기,,
다옴공동체,정신재활시설,대전광역시 유성구 원내로 9-8,대전,36.2996959659474,127.317167127753
다우리공동생활가정,정신재활시설,충청남도 천안시 동남구 고재15길 19-4,충청남도,36.8014446145116,127.161271040255
다원공동체,정신재활시설,대전광역시 유성구 진잠옛로 135번길 115,대전,,
다정다감 ,정신재활시설,"경기도 평택시 점촌1로 6번길 60, 신성공원빌라 302호(서정동)",경기,37.0610017482268,127.057735778395
다정이네,정신재활시설,"서울특별시 종로구 세검정로 7가길 18, 301호",서울,37.6023722858973,126.958981518146
다함정신건강 상담센터,정신재활시설,"서울특별시 성북구 보문로34길 39, 4층",서울,37.5907688492516,127.017457877523
단국대학교 의과대학 부속병원,기초정신건강복지센터,경기도 안성시 강변로 74번길 18 안성시보건소 4층,경기,37.0001696051437,127.269813139866
단양군 정신건강복지센터,기초정신건강복지센터,충청북도 단양군 단양읍 삼봉로 53,충청북도,36.9815124992855,128.350241961007
달구벌정신 건강센터,정신재활시설,"대구광역시 동구 신성로 63, 3층(신암동)",대구,35.8804501605705,128.613363845574
달성정신재활센터 해피하우스,정신재활시설,"대구광역시 달성군 화원읍 성화로 20, 2층",대구,35.8008813726563,128.490585562634
달팽이의 꿈,정신재활시설,경기도 안성시 금광면 배티로 702-16,경기,36.9779464409831,127.308814626156
담양군 정신건강복지센터,기초정신건강복지센터,전라남도 담양군 담양읍 완동길 10-11,전라남도,35.3250279491981,126.981239742229
담쟁이,정신재활시설,경기도 성남시 중원구 자혜로 16번길 45-6 202호 럭키아트빌,경기,37.4464484491184,127.159852030717
당진시 정신건강복지센터,기초정신건강복지센터,충청남도 당진시 서부로 56,충청남도,36.8873596890327,126.630472507837
대구가톨릭 사회복지회,중독관리통합지원센터,대구광역시 달서구 학산로 50 ,대구,35.8288865111811,128.534465007109
대구가톨릭 사회복지회,중독관리통합지원센터,경상북도 구미시 검성로 115-1,경상북도,36.1182736174266,128.429909030386
대구가톨릭대학교,기초정신건강복지센터,"대구광역시 동구 동촌로79, 동구보건소4층 ",대구,35.8881220889311,128.65121659913
대구가톨릭대학교의료원,광역정신건강복지센터,대구광역시 남구 두류공원로 17길 대구가톨릭대학교병원 내 라파엘관 5층,대구,,
대구광역시립희망원 아름마을,정신요양시설,대구광역시 달성군 화원읍 명천로 58,대구,35.8038352306958,128.509582571777
대구광역자살예방센터,자살예방센터,대구광역시 남구 두류공원로 17길 33 대구가톨릭대학교병원 라파엘관 5층,대구,35.8441891121102,128.565825660965
대구대학교 정신건강상담센터,정신재활시설,경상북도 경산시 진량읍 대구대로 201 대구대학교 경산캠퍼스 조형예술대학 3호관 1층,경상북도,35.904538973767,128.842813264293
대구위니스,정신재활시설,대구광역시 북구 옥산로 49 상미빌딩 3층,대구,35.8856404541341,128.581258435434
대구의료원,기초정신건강복지센터,대구광역시 서구 북비산로71길7 2층,대구,35.8801614806405,128.572399932114
대구재활센터,정신재활시설,대구광역시 달서구 성서공단북로 124,대구,35.8441952502071,128.486192676626
대구정신병원,기초정신건강복지센터,대구광역시 달서구 학산로 50 월성문화관 내,대구,35.8288865111811,128.534465007109
대구정신장애인 종합재활센터 미래엔미소클럽,정신재활시설,"대구광역시 서구 옥산로 6길 9, 4층",대구,35.8857221568881,128.578884318264
대길엘림,정신재활시설,"서울특별시 금천구 시흥대로 54길 19, 301호",서울,37.4523482923495,126.902791446193
대길푸른초장,정신재활시설,서울특별시 영등포구 영등포로 84길 4-14,서울,,
대성그린빌,정신요양시설,경상북도 안동시 임하면 진사리길 14,경상북도,36.4808686989143,128.829647612649
대성재활센터,정신재활시설,경상북도 안동시 임하면 고곡길260,경상북도,36.4859802705422,128.838878451141
대원대학교 산학협력단,기초정신건강복지센터,충청북도 제천시 의림대로242 보건복지센터 3층,충청북도,37.1493417043657,128.216086496955
대전 중구정신건강복지센터,기초정신건강복지센터,대전광역시 중구 수도산로 15(대흥동),대전,36.320355081719,127.425884517434
대전광역시립정신병원,기초정신건강복지센터,"대전광역시 유성구 유성대로 730번길 51, 2층",대전,36.3581192980157,127.335412303909
대전정신요양원,정신요양시설,대전광역시 동구 옥천로 315(삼정동),대전,36.3234816498521,127.470119763617
대한예수교장로회 대전노회유지재단,중독관리통합지원센터,대전광역시 서구 신갈마로 209번길 25 2층,대전,36.352157185403,127.367090251299
더숲,정신재활시설,경기도 수원시 영통구 권광로 290번길 34-5,경기,37.2735748055543,127.038517332878
더하임,정신재활시설,충청남도 금산군 부리면 무금로 1425,충청남도,36.0488596516433,127.559631776089
도담,정신재활시설,"서울특별시 동대문구 사가정로 258, 4층",서울,37.5790998952405,127.073572017252
도담도담,정신재활시설,경기도 수원시 영통구 영통로 130번길 45 102호,경기,37.2398318546846,127.058453987158
도란도란,정신재활시설,"대전광역시 유성구 송강로 15, 104동 202호",대전,36.4323077395028,127.384654169471
도래샘,정신재활시설,충청남도 공주시 큰우물길 3-1,충청남도,36.4458675825727,127.124044538361
도봉구 정신건강복지센터,기초정신건강복지센터,"서울특별시 도봉구 방학로3길 117, 1층",서울,37.657932431007,127.038820306216
도봉구정신건강복지센터(부설),자살예방센터,"서울특별시 도봉구 방학로3길 117, 1층",서울,37.657932431007,127.038820306216
돌봄사랑채,정신재활시설,서울특별시 광진구 아차산로 26길 28,서울,37.5402575080031,127.065395946623
동광임파워먼트센터,정신재활시설,경기도 부천시 원미구 부일로 191번길 30 동성프라자 701/702호,경기,37.4899983565274,126.751574984405
동국대학교경주병원,광역정신건강복지센터,"경상북도 경주시 동대로 87, 복지동3층",경상북도,35.8585036441744,129.192877172776
동국대학교일산병원,기초정신건강복지센터,경기도 파주시 봉천로 68 파주건강증진센터 1층,경기,37.7450790671407,126.805011190254
동그라미,정신재활시설,"서울특별시 광진구 능동로 43길 30-11, 202호",서울,37.5620130993629,127.080159002348
동그라미,정신재활시설,경기도 안성시 금광면 배티로 702-16,경기,36.9779464409831,127.308814626156
동대문아이존,정신재활시설,서울특별시 동대문구 답십리로 63길 73 형제빌딩 2층,서울,37.575813181985,127.068905338522
동두천요양원,정신요양시설,경기도 동두천시 평화로 3208번길 43-15,경기,37.9738842680482,127.068870950518
동래직업재활센터,정신재활시설,"부산광역시 금정구 중앙대로 2093, 10층",부산,35.2711524135818,129.092354709178
동산의료원,기초정신건강복지센터,대구광역시 달성군 옥포읍 비슬로 458길 6-2 3층,대구,35.7895397133489,128.471281161001
동아대학교병원,광역정신건강복지센터,부산광역시 남구 수영로 299 루미너스타원 12층 ,부산,35.1371570282282,129.09886517963
동아메디병원,기초정신건강복지센터,대구광역시 수성구 수성로 213,대구,35.8449592744865,128.611938542291
동영의료재단 상록병원,기초정신건강복지센터,부산광역시 동래구 명륜로 187번길 56 동래구보건소 4층,부산,35.2114125567364,129.07985326989
동작구 정신건강복지센터,기초정신건강복지센터,서울특별시 동작구 남부순환로 2025,서울,37.4764304412005,126.973622444693
동작아이존,정신재활시설,서울특별시 동작구 국사봉길 109,서울,37.4954895251315,126.932180166177
동해동인병원,기초정신건강복지센터,강원도 동해시 청운로 96(쇄운동) 1층,강원,37.4885479731811,129.102690400868
동해동인병원,기초정신건강복지센터,강원도 삼척시 척주로 76,강원,37.4439334798163,129.172089344715
동해동인병원,기초정신건강복지센터,"강원도 태백시 태백로 905(황지동,보건소)",강원,37.1766015801089,128.992495965569
동행,정신재활시설,대전광역시 중구 유천로 48번길 31(유천동),대전,36.3175541276436,127.39962952654
동행,정신재활시설,전라북도 임실군 임실읍 호국로 1716-15,전라북도,35.6144788216516,127.28998912426
두드림마음건강센터,정신재활시설,"서울특별시 양천구 등촌로 194, 4층",서울,37.547033507791,126.863192104838
두온,정신재활시설,경기도 용인시 기흥구 상갈로23번길 2 204호,경기,37.2687592973646,127.10737133077
둥근나래꿈 남성홈,정신재활시설,"전라북도 익산시 목천로 229, 3층",전라북도,35.9304241572246,126.946759866326
둥근나래꿈 여성홈,정신재활시설,"전라북도 익산시 목천로 229, 3층",전라북도,35.9304241572246,126.946759866326
둥근마음,정신재활시설,전라북도 익산시 목천로 229,전라북도,35.9304241572246,126.946759866326
드림빌1,정신재활시설,대구광역시 남구 중앙대로26길 13 하이디빌 301호,대구,35.8459885290428,128.592052427466
드림빌2,정신재활시설,대구광역시 남구 중앙대로26길 13 하이디빌 201호,대구,35.8459885290428,128.592052427466
드림하우스(구 사랑마을),정신재활시설,서울특별시 중랑구 망우로74가길 9,서울,37.5985913314985,127.104709749632
디딤돌,정신재활시설,"서울특별시 도봉구 도당로 27길 47, 2층",서울,37.6694981177216,127.040768065651
디딤터,정신재활시설,충청북도 청주시 서원구 현도면 우록4길126,충청북도,36.50437200064,127.44331999302
라온 ,정신재활시설,경기도 포천시 삼육사로 2029 엘리트빌리지 가동,경기,37.8623165548027,127.145135410413
라온의 집,정신재활시설,충청남도 홍성군 홍성읍 대내길 97번지,충청남도,36.6127284766157,126.674468486004
라파의 집,정신재활시설,충청북도 증평군 증평읍 외룡길32-24,충청북도,36.7736753096326,127.615031921135
로뎀나무,정신재활시설,"서울특별시 서대문구 증가로24마길 19, 101호",서울,37.582840811844,126.91729545359
리앤리,정신재활시설,인천광역시 연수구 한나루로 186번길 54,인천,37.4246622159884,126.657829705862
리커버리하우스,정신재활시설,"서울특별시 관악구 남부순환로172길 116(신림동), 2층",서울,37.4821837457801,126.919458164268
마산정신요양원,정신요양시설,경상남도 창원시 마산합포구 진북면 진북산업로622-60,경상남도,35.1684420099009,128.473660819562
마야정신요양원,정신요양시설,경상북도 영천시 북안면 내서로 55-24,경상북도,35.9100442635905,129.016331040713
마음건강,정신재활시설,전라북도 전주시 완산구 권삼득로 40 (1층),전라북도,35.8258669366244,127.148574085359
마음건강복지관,정신재활시설,전라북도 전주시 완산구 물왕멀2길 20-29 (2~5층),전라북도,35.8268249337797,127.149551961094
마음건강회복홈,정신재활시설,전라북도 전주시 완산구 물왕멀2길 25,전라북도,35.8272982603821,127.148691958955
마음건강힐링홈,정신재활시설,전라북도 전주시 완산구 물왕멀2길 20-17,전라북도,35.8268581315406,127.149164021812
마음사랑의집,정신재활시설,전라북도 정읍시 수성택지3길 28,전라북도,35.5789115105665,126.857647455894
마음샘정신재활센터,정신재활시설,경기도 수원시 장안구 경수대로 754번길 26-17,경기,37.2915760034361,127.023973550781
마음애병원,기초정신건강복지센터,"충청남도 천안시 서북구 서부8길 29, 2층",충청남도,36.8197754975339,127.139883466987
마음자리,정신재활시설,"서울특별시 양천구 목동 중앙남로 16다길 9, 204호",서울,37.5433836961074,126.865109397302
마음자리,정신재활시설,"인천광역시 남동구 경인로 599번길 26-6 좋은하루 다동 201, 202호",인천,37.4659790711083,126.704711036548
마음터,정신재활시설,"충청남도 천안시 서북구 서부8길 10, 3층",충청남도,36.8190009306372,127.137543291935
마음편한집,정신요양시설,충청남도 천안시 동남구 동면 동산행암길 44-67,충청남도,36.7896826624012,127.362158231199
마인드,정신재활시설,"서울특별시 동대문구 전농로 38길 35, 2,3층",서울,,
마인드병원,중독관리통합지원센터,"대전광역시 대덕구 중리서로 42, 3층 (중리동)",대전,36.362540389072,127.421932425228
마중물,정신재활시설,대전광역시 대덕구 중리동로 27번길 14-11,대전,36.3620291210228,127.428625781864
맑은샘,정신재활시설,"서울특별시 강동구 구천면로 28길 21, 401호(천호동)",서울,37.5400550455918,127.12949753387
맑은샘사회복귀시설,정신재활시설,광주광역시 서구 독립로 200,광주,35.1505205947282,126.906425432718
멋진월요일,정신재활시설,서울특별시 성동구 성덕정길 116 4층,서울,37.5367897931264,127.056189353148
메리놀병원,기초정신건강복지센터,"부산광역시 중구 중구로 70-1, 4층",부산,35.1037284975075,129.029021449073
명지병원,기초정신건강복지센터,서울특별시 강서구 공항대로 561 강서구보건소 지하1층,서울,37.549648403498,126.868280181244
목동하늘샘,정신재활시설,"서울특별시 양천구 목동 중앙남로 9길 28-1, 201호",서울,37.5381955831598,126.864891204558
목포시 정신건강복지센터,기초정신건강복지센터,전라남도 목포시 석현로48(2층),전라남도,34.8166855673326,126.426150605247
목포시 중독관리통합지원센터,중독관리통합지원센터,전라남도 목포시 석현로 48(하당보건지소),전라남도,34.8166855673326,126.426150605247
목화밭,정신재활시설,"경기도 남양주시 경춘로양골2길 11-6, B동 201호(금곡동)",경기,37.6375228319298,127.213782047143
무안군 정신건강복지센터,기초정신건강복지센터,전라남도 무안군 무안읍 무안로 530,전라남도,34.9910461440548,126.481898957424
무주군 정신건강복지센터,기초정신건강복지센터,전라북도 무주군 무주읍 한풍루로 413,전라북도,36.0059033303402,127.671676292106
무주리(술없는마을),정신재활시설,"강원도 동해시 월평로49, 규수방 아파트 102동 504호",강원,37.4933120782544,129.055491300577
무지개둥지,정신재활시설,서울특별시 은평구 연서로 45-2,서울,37.6033241153297,126.915234357725
무지개마을,정신요양시설,제주특별자치도 제주시 아봉로 449-1 (월평동),제주,33.4709369177698,126.581874284918
문경대학교,기초정신건강복지센터,경상북도 문경시 신흥로 165(2층),경상북도,36.5957662009369,128.20238839532
미래병원,기초정신건강복지센터,전라북도 김제시 성산길 138,전라북도,35.8008010729825,126.883290402788
미래지움,정신재활시설,대구광역시 북구 대학로 61-1,대구,35.8917581991703,128.607146963413
미추홀하우스,정신재활시설,인천광역시 미추홀구 경인로 268번길 33-13,인천,37.4610777514528,126.669840950334
민들레병원,중독관리통합지원센터,경기도 파주시 조리읍 봉천로 68,경기,37.7450790671407,126.805011190254
밀양시 정신건강복지센터,기초정신건강복지센터,경상남도 밀양시 삼문중앙로 41,경상남도,35.4856701112926,128.756060846072
바람숲,정신재활시설,"경기도 김포시 대서명로 8번길 21, 형우이즈뷰 나동",경기,37.6976473066818,126.606642653492
박애원,정신요양시설,경기도 고양시 일산동구 상지석길 441,경기,37.7268215073833,126.794939782485
밝은길,정신재활시설,"서울특별시 중랑구 상봉중앙로 5가길 48, 2층",서울,37.6011687937336,127.084978357694
밝은세상,정신재활시설,대전광역시 중구 대종로449 (대흥동),대전,36.3248040721153,127.427786594076
방주의 집,정신요양시설,세종특별자치시 전동면 솔티로 293-3,세종,36.6222592800808,127.219587647689
버팀목,정신재활시설,대전광역시 중구 문창로 123(문창동),대전,36.323719109889,127.430732292114
벌교삼호병원,기초정신건강복지센터,전라남도 보성군 송재로 153. 2층,전라남도,34.7702173291455,127.079038466874
베네스트마음 건강센터,정신재활시설,"대구광역시 달서구 학산로246(송현2동), 삼정빌딩 2층",대구,35.833544234225,128.553274935903
벧엘의사닥다리,정신재활시설,경상북도 포항시 남구 청림서길 35번길 2 미성빌라 403호,경상북도,35.996820150581,129.409905613253
벧엘클럽하우스,정신재활시설,경상남도 양산시 상북면 수서로 349-94,경상남도,35.4408259647723,129.034525428928
별뜰,정신재활시설,충청북도 옥천군 옥천읍 삼청3길 40,충청북도,36.2598384431563,127.571745586619
별자리,정신재활시설,강원도 원주시 소초면 둔둔로 217-19,강원,37.4393706086124,127.987795488797
보금자리,정신재활시설,"대전광역시 유성구 유성대로 694번길 95, 3층(봉명동)",대전,36.3540989791047,127.336884148454
보금자리,정신재활시설,충청남도 아산시 초사길 3-88,충청남도,36.7515500363678,126.971924551489
보듬자리,정신재활시설,부산광역시 금정구 금샘로 52,부산,,
보람의집,정신재활시설,충청남도 논산시 연산면 한전2길 45-13,충청남도,36.2050864939299,127.187208104454
보령시 정신건강복지센터,기초정신건강복지센터,충청남도 보령시 보령남로 234,충청남도,36.3245091585878,126.602371192339
보배정신건강상담센터,정신재활시설,전라북도 익산시 인북로2길 53,전라북도,35.9285058297053,126.954824645291
보은병원,중독관리통합지원센터,광주광역시 광산구 상무대로 239-1,광주,35.1406225706742,126.793246013325
보은병원,기초정신건강복지센터,전라남도 화순군 화순읍 쌍충로 62 화순군보건소 3층,전라남도,35.0571306725339,126.982013528719
보은성모병원,기초정신건강복지센터,충청북도 보은군 보은읍 동광길 45,충청북도,36.4859937266641,127.716770423714
복지와 사람들,중독관리통합지원센터,"서울특별시 구로구 새말로 60, 재중요양병원 별관 지층",서울,37.5032247869143,126.886639083503
부산광역시 정신재활시설,정신재활시설,부산광역시 사상구 학감대로 39번길 104-36 3층(학장동),부산,35.1329094433878,128.995051350112
부산광역자살예방센터,자살예방센터,부산광역시 남구 수영로 299 루미너스빌딩 12층,부산,35.1371570282282,129.09886517963
부산대학교 산학협력단,기초정신건강복지센터,부산광역시 북구 만덕대로 89번길 9,부산,35.2128477400946,129.014241613263
부산대학교병원,중독관리통합지원센터,부산광역시 서구 구덕로 179 융합의학연구동 2층,부산,35.1011288801696,129.019244318359
부산소테리아하우스,정신재활시설,부산광역시 사상구 삼덕로 59(덕포동),부산,35.1742383299505,128.983361033539
부산시립정신병원,중독관리통합지원센터,"부산광역시 사상구 모라로110번길 85, 주공1단지 나상가 2층 (모라동)",부산,35.1846437660626,128.995473574571
부산정신병원,기초정신건강복지센터,"부산광역시 사하구 장림번영로 41, 한국메디컬빌딩 5층",부산,35.0808385398526,128.969936131816
부여군 정신건강복지센터,기초정신건강복지센터,충청남도 부여군 부여읍 성왕로 205,충청남도,36.2829386408308,126.909414379054
부천공동희망학교,정신재활시설,경기도 부천시 수도로 40-1 2층,경기,,
부천시자살예방센터,자살예방센터,경기도 부천시 성오로 172 오정 어울마당 3층,경기,37.5283468189716,126.796026576464
부평정신건강복지센터,기초정신건강복지센터,"인천광역시 부평구 부흥로 287, 보건소 별관2층",인천,37.4989341652034,126.723782466335
부활원,정신요양시설,충청북도 옥천군 군북면 이백6길 109,충청북도,36.3276976403074,127.552191395862
분당서울대학교병원,기초정신건강복지센터,경기도 성남시 수정구 수정로218 수정구보건소 5층,경기,37.444329023077,127.144061759192
분당서울대학교병원,기초정신건강복지센터,경기도 성남시 수정구 수정로 218 수정구보건소 4층,경기,37.444329023077,127.144061759192
뷰티플마인드,정신재활시설,대전광역시 동구 비래서로42번길 134 1층,대전,36.348759257208,127.445698762071
브솔시냇가,정신재활시설,"경상북도 포항시 남구 상공로204, 2층",경상북도,36.0221232778314,129.368129743027
비콘,정신재활시설,대구광역시 남구 현충로 98,대구,35.8417672155292,128.580283397935
비타민,정신재활시설,충청남도 천안시 서북구 월봉7길 54 상문빌딩 4층,충청남도,36.7916827568783,127.116805167283
빛고을베델,정신재활시설,"광주광역시 북구 우치로 238번길 28, 드림빌 503호",광주,35.1868329086556,126.90657804882
빛고을보건복지센터,정신재활시설,광주광역시 서구 상무대로 916번길 4-3,광주,,
빛고을정신요양원,정신요양시설,전라남도 나주시 다도면 다도로 287-22,전라남도,34.9854656107319,126.827659482513
사람이소중한병원,기초정신건강복지센터,울산광역시 북구 산업로 1018 북구보건소 2층,울산,35.5835548619462,129.360710555075
사람이소중한병원,기초정신건강복지센터,울산광역시 중구 외솔큰길 225 중구보건소 3층,울산,35.5694559544782,129.350415577615
사랑나눔 ,정신재활시설,"경기도 화성시 복만터길 72번길, 7-18",경기,37.1835845494681,126.942325333245
사랑마을,정신재활시설,경상남도 진주시 문산읍 제곡길98번길 30,경상남도,35.1536698768395,128.174133033507
사랑밭 ,정신재활시설,경기도 화성시 10용사로 661-69,경기,37.189891383126,127.082635130927
사랑샘,정신재활시설,전라남도 순천시 강변로977,전라남도,34.9721029627966,127.487291642753
사랑의집,정신재활시설,경상북도 김천시 어모면 신애길142,경상북도,36.2098234209186,128.052775278406
사랑채,정신재활시설,대전광역시 서구 정림동로 29-11(정림동),대전,36.3054029677714,127.368668242598
사직클럽하우스,정신재활시설,부산광역시 동래구 쇠미로 179 1층(온천동),부산,35.2064429903349,129.062527353688
사천시 정신건강복지센터,기초정신건강복지센터,경상남도 사천시 용현면 진삼로 637,경상남도,35.0137420316578,128.061259761912
산청군 정신건강복지센터,기초정신건강복지센터,경상남도 산청군 산청읍 중앙로 97,경상남도,35.4160818973147,127.884236050691
삼정원,정신요양시설,전라북도 익산시 금마면 쌍능길 145,전라북도,35.9857794942372,127.031880616817
상록원,정신요양시설,충청북도 청주시 상당구 산성로 658번길 301 ,충청북도,36.6423828294426,127.54016050514
상주제일병원,기초정신건강복지센터,경상북도 상주시 경상대로3023,경상북도,36.4169135948469,128.150852071553
새동네,정신재활시설,경기도 오산시 현충로 72번길 14 우성그린빌라 104동 102호,경기,37.1617382356289,127.075102572479
새로돋는집,정신재활시설,"서울특별시 관악구 대학 18길 41, 401호",서울,37.4639643331131,126.936623471522
새롬마을,정신재활시설,"서울특별시 노원구 동일로 237다길 43, 201호(상계동)",서울,37.6754900488348,127.052478579402
새롬채,정신재활시설,전라남도 영광군 영광읍 신남로 264-4,전라남도,35.2746513754076,126.51021506333
새마음정신문화센터,정신재활시설,"울산광역시 남구 화합로 105, 로하스빌딩 6층",울산,35.5340902870779,129.340633053458
새벗클럽하우스,정신재활시설,"서울특별시 강서구 강서로52길 88 참빛빌딩 3, 4층",서울,37.5572795224299,126.843095493871
새봄,정신재활시설,경기도 수원시 팔달구 경수대로 480번길 11-1,경기,37.2688990522226,127.028220944861
새빛병원,기초정신건강복지센터,경상북도 경주시 양저로 300(경주시 보건소 2층),경상북도,,
새샘병원,기초정신건강복지센터,경기도 과천시 관문로 69 과천시보건소 1층,경기,37.4302215701575,126.986797527355
새오름터,정신재활시설,서울특별시 은평구 연서로22길 4(대조동),서울,37.6150761590274,126.918548591691
새움병원,기초정신건강복지센터,서울특별시 금천구 시흥대로 123길 11 5층,서울,37.4702190458977,126.8970437257
새희망둥지,정신재활시설,경기도 고양시 일산동구 상지석길 443,경기,37.7263515829524,126.796042850274
새희망병원,중독관리통합지원센터,"인천광역시 남동구 구월로 320, 4층",인천,37.4552394741494,126.726065564544
새희망재활센터,정신재활시설,경상북도 영주시 반지미로 275-11,경상북도,36.825636097395,128.597421261665
새희망힐링스,정신요양시설,경상북도 영주시 반지미로 275-15,경상북도,36.8254525799634,128.596427247814
생림정신요양원,정신요양시설,경상남도 김해시 생림면 인제로775,경상남도,35.2938740721547,128.883069378236
생명의터,정신재활시설,대전광역시 동구 동부로56-7(판암동) 56-7,대전,,
샤론의집,정신재활시설,충청남도 예산군 예산읍 간양길 256,충청남도,36.7253105468432,126.877321120599
샹가,정신재활시설,"서울특별시 서대문구 증가로10길 16-4, 302호",서울,37.5780185272559,126.923459840768
서귀포시 정신건강복지센터,기초정신건강복지센터,제주특별자치도 서귀포시 중앙로 101번길 52 서귀포보건소,제주,33.2534812704393,126.555357293521
서귀포시 중독관리통합지원센터,중독관리통합지원센터,제주특별자치도 서귀포시 중앙로 101번길 52,제주,33.2534812704393,126.555357293521
서대문 해벗누리,정신재활시설,서울특별시 서대문구 모래내로173,서울,37.5712602886158,126.91984104938
서대문구 정신건강복지센터,기초정신건강복지센터,"서울특별시 서대문구 연희로 290, 4층",서울,37.5829292600117,126.936445433716
서대문아이존,정신재활시설,서울특별시 서대문구 연희로26 동방사회복지회 2층 ,서울,37.5609976100793,126.927106202065
서로돕는마을,정신재활시설,전라북도 김제시 금구면 낙산1길46,전라북도,35.8077407193368,127.002961650732
서산시 정신건강복지센터,기초정신건강복지센터,충청남도 서산시 호수공원6로 6,충청남도,36.7745775808388,126.444514667198
서울다르크,정신재활시설,서울특별시 양천구 목동 중앙본로 7가길 19-7 다나네스트빌 103호,서울,37.5402186948746,126.866881148478
서울대병원,기초정신건강복지센터,서울특별시 종로구 성균관로 15길 10,서울,37.5900733792384,126.997633354983
서울대병원,기초정신건강복지센터,서울특별시 중구 서소문로 6길 16 3층,서울,37.559430257461,126.966259528781
서울시립 영보정신요양원,정신요양시설,경기도 용인시 처인구 이동읍 이원로 483,경기,37.1690512282661,127.239856092332
서울시자살예방센터,자살예방센터,"서울특별시 구로구 가마산로 272, 5층",서울,37.4957300477751,126.890661245315
서울우리집,정신재활시설,"서울특별시 강동구 상일로 25길 7-12, 201호",서울,37.5609592103785,127.169910334164
서울의료원,광역정신건강복지센터,"서울특별시 종로구 동숭3길 40 일석기념관 3,4층",서울,37.5828910397456,127.004818425723
서울의료원,기초정신건강복지센터,서울특별시 중랑구 면목로238 중랑구민회관 1층,서울,37.5739539541608,127.085105452975
서울정신요양원,정신요양시설,경기도 양주시 장흥면 가마골로 258번길122,경기,37.7412952367438,126.983741228785
서인병원,기초정신건강복지센터,강원도 양구군 양구읍 관공서로42 보건소4층,강원,38.1099771185665,127.989204159128
서진복지재단,중독관리통합지원센터,"서울특별시 도봉구 방학로 53, 백윤빌딩 2층",서울,37.6625389360544,127.046395798831
서진복지재단,기초정신건강복지센터,인천광역시 부평구 삼산동 평천로447 ,인천,37.5179606782881,126.74049147054
서천군 정신건강복지센터,기초정신건강복지센터,충청남도 서천군 서천읍 사곡길 26,충청남도,36.0821342866092,126.689438589428
서초구 정신건강복지센터,기초정신건강복지센터,서울특별시 서초구 염곡말길 9 느티나무쉼터 3층,서울,37.4618240620617,127.050698964768
서초아이존,정신재활시설,서울특별시 서초구 방배로173 지하1층,서울,37.4890076091191,126.992242397414
서초열린세상,정신재활시설,"서울특별시 서초구 신반포로33 길22, 반포종합사회 복지관410호",서울,37.5099520523642,127.010993657323
서희,정신재활시설,경기도 수원시 팔달구 동말로47번길 33-1,경기,37.2799554724898,126.998614748725
선재원,정신재활시설,충청남도 천안시 동남구 청수7로 9-4,충청남도,36.7835615004525,127.160462136274
섭리가정,정신재활시설,"대전광역시 서구 관저로83, 신선마을아파트 205동 201호",대전,36.3003825588283,127.331492734592
섭리그룹홈,정신재활시설,"대전광역시 서구 관저로 48, 구봉마을 704동 101호",대전,36.2973344928039,127.327302356358
섭리행복가정,정신재활시설,"대전광역시 서구 관저로 48, 구봉마을 702동 309호",대전,36.2973344928039,127.327302356358
성남사랑의병원,중독관리통합지원센터,경기도 성남시 수정구 수정로 218 수정구보건소 5층,경기,37.444329023077,127.144061759192
성남시자살예방센터,자살예방센터,경기도 성남시 수정구 수정로 218 수정구보건소 5층,경기,37.444329023077,127.144061759192
성동병원,기초정신건강복지센터,"대구광역시 북구 성북로 43, 4층",대구,35.8916061064482,128.588270599109
성모 다움,정신재활시설,서울특별시 성동구 청계천로 506 성동종합사회복지관 4층,서울,37.5702230156273,127.033440163639
성부정신수양원,정신요양시설,대구광역시 북구 복현로 34길 18-17,대구,35.9033930043996,128.621172361858
성북구 정신건강복지센터,기초정신건강복지센터,서울특별시 성북구 화랑로 63,서울,37.6027616666352,127.039514009476
성북구자살예방센터,자살예방센터,"서울특별시 성북구 오패산로 21, 4층",서울,37.6041194415259,127.037068364923
성산정신요양원,정신요양시설,전라남도 무안군 삼향읍 유교길 101,전라남도,34.8514256242099,126.438928668891
성안드레아병원,기초정신건강복지센터,경기도 이천시 이섭대천로1119 이천상공회의소 2층 ,경기,37.2705232897144,127.445455807645
성애원,정신요양시설,울산광역시 울주군 남명리1길 34-48,울산,35.7119382337742,129.206657550498
성은의료재단 연산병원,기초정신건강복지센터,"부산광역시 연제구 연제로 2, 연제구보건소 2층",부산,35.1762117404623,129.07974560596
성일유엔아이,정신재활시설,전라북도 남원시 사매면 춘향로 822-129,전라북도,35.4762614533792,127.369237460886
성주군 정신건강복지센터,기초정신건강복지센터,경상북도 성주군 성주읍 성밖숲길 12,경상북도,35.9173818812858,128.278695386566
성지드림빌,정신요양시설,충청남도 논산시 연산면 한전2길 45-14,충청남도,36.2052561596332,127.186650627726
세광정신요양원,정신요양시설,경기도 용인시 처인구 백암면 용천로 71번길 54,경기,37.1213897109084,127.365546642747
세움공동체,정신재활시설,충청남도 계룡시 엄사면 번영8길 15-2,충청남도,36.2881345973895,127.233841431428
세잎클로버,정신재활시설,대구광역시 동구 해동로 8길 41(지저동),대구,35.8947400637673,128.635681436015
세친구,정신재활시설,경기도 부천시 송내대로 42번길 62 나동 410호,경기,,
소담,정신재활시설,"서울특별시 강북구 한천로 166길 30, 3층(수유동)",서울,37.6476601994224,127.018620520164
소망나래,정신재활시설,충청북도 청주시 서원구 수영로59번길 18-1(수곡동),충청북도,36.616545327536,127.492719672142
소망나무,정신재활시설,서울특별시 광진구 능동로 50길 8 2층,서울,37.5639195137374,127.083797489394
소망의집,정신요양시설,인천광역시 서구 심곡로 132번길 22,인천,37.5455347190087,126.684589105389
소망의집,정신재활시설,대전광역시 서구 실미길 116(우명동),대전,36.2232023788205,127.299262628223
소망의집,정신재활시설,전라북도 진안군 진안읍 원반월안길 39-2,전라북도,35.7607661012979,127.44054644127
소망홈,정신재활시설,서울특별시 광진구 천호대로 113길 29,서울,37.5585102412215,127.083613628705
소명,정신재활시설,충청남도 천안시 동남구 양지4길 47,충청남도,36.8112221704858,127.137092533267
소중한사람들,정신재활시설,경상북도 칠곡군 왜관읍 금남5길 60,경상북도,35.9260154355383,128.413536739028
소화누리,정신요양시설,광주광역시 남구 용대로74번길 27,광주,35.1210851789301,126.920617418126
소화햇살둥지,정신재활시설,"광주광역시 남구 봉선1로 86, 모아아파트 102동 817호",광주,35.1274849186926,126.914720684584
속초시정신건강복지센터,기초정신건강복지센터,강원도 속초시 중앙로17번길 6 (교동) ,강원,38.1988004208562,128.578919673509
송광정신재활센터,정신재활시설,광주광역시 광산구 우산로 17,광주,35.1598237676421,126.804146670316
송국클럽하우스,정신재활시설,부산광역시 해운대구 우동1로 57 대영빌딩 2.3층,부산,35.1666896767145,129.157451291448
송원정신요양원,정신요양시설,경상남도 양산시 하북면 양산대로 1870-63,경상남도,35.4308855560382,129.071329076511
송이네집,정신재활시설,서울특별시 광진구 능동로 48 가길 7-11,서울,37.5626801930511,127.085681072056
송추정신병원,기초정신건강복지센터,경기도 양주시 삼숭로 61번길10,경기,,
송파구 정신건강복지센터,기초정신건강복지센터,서울특별시 송파구 양산로 5,서울,37.4897702878363,127.142670990804
송파구정신건강복지센터,자살예방센터,서울특별시 송파구 양산로 5,서울,37.4897702878363,127.142670990804
송파아이존,정신재활시설,서울특별시 송파구 장지동 충민로 6길 17,서울,37.4827571265965,127.134044247855
송파어우러기,정신재활시설,"서울특별시 송파구 백제고분로 446, 204호",서울,37.5104581017222,127.112744120149
수린목,정신재활시설,서울특별시 구로구 고척로3길 99 대하쉐르빌 9동 101호,서울,37.4979960584367,126.836365897616
수성베네스트,정신재활시설,대구광역시 수성구 수성로 285,대구,35.851017987668,128.613028820464
수원시성인정신건강복지센터,기초정신건강복지센터,경기도 수원시 팔달구 매산로 89 2층 ,경기,37.2704984896655,127.010674176609
수원시자살예방센터,자살예방센터,경기도 수원시 팔달구 동말로 47번길 17,경기,37.2793962935717,126.999358966606
수인복지재단,중독관리통합지원센터,대구광역시 동구 아양로 246-1(3층),대구,35.8869118636571,128.639992405817
순천시 정신건강복지센터,기초정신건강복지센터,전라남도 순천시 중앙로 232 순천시보건소 3층,전라남도,34.9667477881168,127.486033340014
순천향대학교부속 부천병원,기초정신건강복지센터,경기도 부천시 성오로 172 오정어울마당 3층,경기,37.5283468189716,126.796026576464
숭인사회복귀시설,정신재활시설,경상남도 양산시 모래들1길 91,경상남도,35.4013161084635,129.147156785431
쉐어하우스,정신재활시설,경기도 부천시 소사로126번길 59-7 2층,경기,37.4709352717383,126.79961972293
쉼터공동체,정신재활시설,대전광역시 유성구 세동로474-35,대전,36.3119629996121,127.269919026463
스롤라인,정신재활시설,서울특별시 용산구 백범로 90길 이레빌딩 1층,서울,,
스마일빌,정신요양시설,전라북도 남원시 대면대곡 신계길397,전라북도,,
승우정신요양원,정신요양시설,경기도 오산시 가장산업동로 69-9,경기,37.1645790724151,127.04217634248
시일건강타운,정신요양시설,전라남도 장성군 북하면 백양로 445,전라남도,35.425998096796,126.846177015538
시흥시자살예방센터,자살예방센터,경기도 시흥시 호현로 55 ,경기,37.445536329493,126.785314070012
신생원,정신요양시설,대전광역시 유성구 진잠옛로 135번길 115,대전,,
신세계효병원,기초정신건강복지센터,전라북도 부안군 부안읍 오리정로 124,전라북도,35.722862321575,126.735600728895
신세광의료재단 세광병원,기초정신건강복지센터,울산광역시 울주군 서향교1길 67-122층,울산,,
신한대학교,기초정신건강복지센터,경기도 동두천시 중앙로 167,경기,37.8966121948147,127.051716984841
신혜힐링타운,정신요양시설,전라남도 해남군 해남읍 중앙1로 391,전라남도,34.5767733094375,126.58715361031
심경장원,정신요양시설,대전광역시 유성구 진잠옛로 222-170,대전,36.3345098298118,127.324371543061
아가페하우스,정신재활시설,"광주광역시 북구 양지택지로 37번길 30, 가람하이빌 401~404호",광주,,
아람터,정신재활시설,"경기도 수원시 장안구 광교산로 138번길34, 8동 201호",경기,37.2985706488591,127.030684700235
아름다운교회 사랑의집,정신재활시설,서울특별시 강북구 도봉로 71가길 27(수유동),서울,37.6324874739176,127.022065510532
아름다운세상,정신재활시설,서울특별시 구로구 고척로 52라길 11-23,서울,37.5014539118255,126.854894534891
아름다운세상,정신재활시설,"경기도 시흥시 군자로 466번길 37, 거모종합사회복지관 내 2층",경기,37.344863146042,126.781326919416
아름다운세상,정신재활시설,전라북도 전주시 덕진구 아중7길 9-5,전라북도,35.8327958489317,127.172436593809
아름다운집,정신재활시설,전라북도 전주시 덕진구 인교9길11 아중지1 401호,전라북도,35.8260679477752,127.174006344558
아름드리,정신재활시설,"서울특별시 양천구 남부순환로 59길 16-1, 201호",서울,37.5322687610619,126.832952001779
아름드리,정신재활시설,대전광역시 중구 대흥로 87(대흥동),대전,36.3231247467855,127.422332802924
아미정신건강센터,정신재활시설,부산광역시 서구 아미로12번길 25,부산,35.09784593695,129.01310381904
아산시 정신건강복지센터,기초정신건강복지센터,충청남도 아산시 번영로 224번길 20,충청남도,36.782564871491,127.01460580858
아산시 중독관리통합지원센터,중독관리통합지원센터,충청남도 아산시 번영로 224번길 20,충청남도,36.782564871491,127.01460580858
아산장애인 직업재활센터,정신재활시설,충청남도 아산시 번영로 169번길 13-1,충청남도,36.786544872892,127.009754775564
아주대학교의료원,기초정신건강복지센터,"경기도 수원시 장안구 송원로101, 1층(조원동, 장안구청)",경기,37.3040947298509,127.010400656538
아주대학교의료원 ,기초정신건강복지센터,경기도 수원시 팔달구 동말로 47번길 17,경기,37.2793962935717,126.999358966606
아주대학교의료원,기초정신건강복지센터,경기도 수원시 영통구 영통로396 (영통구보건소) 4층,경기,37.2568828036311,127.069710816696
안동병원,기초정신건강복지센터,경상북도 안동시 경동로 663 남부빌딩 2층,경상북도,36.5633867526787,128.730466186365
안산시자살예방센터,자살예방센터,경기도 안산시 상록구 차돌배기로1길 5 상록수보건소 3층,경기,37.3002645642625,126.845063414285
알코올의존자 사회복귀시설 까리따스,정신재활시설,서울특별시 서초구 남부순환로 2124번지 까리따스 방배종합사회복지관 4층,서울,37.4749858709744,126.984373624524
양산부산대학교병원,중독관리통합지원센터,"경상남도 양산시 중앙로 7-32, 4층(다방동, 양산시보건복지센터)",경상남도,35.3321571425744,129.037994695879
양양군정신건강복지센터,기초정신건강복지센터,양양군 양양읍 양양로 9-5(양양군보건소2층),기타,38.0778607950718,128.627479319798
양천아이존,정신재활시설,서울특별시 양천구 화곡로 47,서울,37.5396151066898,126.827099260162
양평군 정신건강복지센터,기초정신건강복지센터,경기도 양평군 양평읍 중앙로 111번길 34-21(3층),경기,37.4966235116215,127.505158303203
양평군자살예방센터,자살예방센터,경기도 양평군 양평읍 중앙로 111번길 34-21 3층,경기,37.4966235116215,127.505158303203
어깨동무,정신재활시설,"서울특별시 중랑구 동일로92길 39-2,1 2층",서울,,
어울림,정신재활시설,"서울특별시 중랑구 용마산로331-1 401, 402",서울,,
어울림,정신재활시설,"대전광역시 서구 도마로25번길 54, 201호(도마동)",대전,36.3247928486904,127.373259900601
어울림,정신재활시설,경상북도 경주시 석장1길 29-36.101호,경상북도,35.8626319914507,129.187332467845
어울림2,정신재활시설,경상북도 경주시 석장1길 29-36.405호,경상북도,35.8626319914507,129.187332467845
에버그린하우스,정신재활시설,서울특별시 은평구 갈현로 29길 51 예성베르빌B01호 ,서울,37.6222715955953,126.911258320824
여수시 정신건강복지센터,기초정신건강복지센터,전라남도 여수시 시청서4길 47(학동),전라남도,34.7593169752233,127.660385545186
여수시 중독관리통합지원센터,중독관리통합지원센터,전라남도 여수시 시청서 4길 47,전라남도,34.7593169752233,127.660385545186
여울목,정신재활시설,"서울특별시 강서구 화곡로 13길 66-28, 301호",서울,37.5428535384547,126.833986153405
여주대학교 산학협력단,기초정신건강복지센터,경기도 여주시 세종로 338번지 여주대학교 대학본부 2층,경기,37.2710928927952,127.636353103878
여주시자살예방센터,자살예방센터,경기도 여주시 세종로 338,경기,37.2710928927952,127.636353103878
연세대학교 산학협력단,기초정신건강복지센터,강원도 평창군 평창읍 종부로61,강원,37.3604916716915,128.388851223242
연세대학교 원주산학협력단,기초정신건강복지센터,강원도 원주시 원일로139 시민문화센터 4층,강원,37.3515496042529,127.946802942893
연세대학교 원주산학협력단,기초정신건강복지센터,강원도 횡성군 횡성읍 횡성로 379,강원,37.4870955205605,127.984416771608
연세대학교 원주산학협력단,중독관리통합지원센터,강원도 원주시 원일로139,강원,37.3515496042529,127.946802942893
연수새누리,정신재활시설,"인천광역시 연수구 앵고개로 183, 남동부수도사업소 2층",인천,37.4121331509152,126.665986728949
열린세상,정신재활시설,"서울특별시 양천구 남부순환로 450, 301호",서울,37.5277088835672,126.833204271693
영광기독신하병원,기초정신건강복지센터,전라북도 고창군 전봉준로90,전라북도,35.4437399689956,126.683231696414
영광기독신하병원,기초정신건강복지센터,전라남도 영광군 영광읍 신남로 4길 17,전라남도,35.2746826104523,126.504164306837
영광사회복귀시설,정신재활시설,전라남도 영광군 영광읍 신남로 268,전라남도,35.2745152953796,126.510754882197
영남대학교의료원,기초정신건강복지센터,대구광역시 남구 대명2동 영선길34 남구보건소 4층,대구,35.8538999391532,128.591523659931
영남정신요양원,정신요양시설,경상북도 김천시 어모면 작점로640,경상북도,36.2214122906959,128.055248959017
영덕군 정신건강복지센터,기초정신건강복지센터,경상북도 영덕군 영덕읍 경동로 8367,경상북도,36.4181557591634,129.367630874277
영동군 정신건강복지센터,기초정신건강복지센터,충청북도 영동군 영동읍 반곡동길 7 영동군보건소,충청북도,36.1684962814576,127.775967263331
영등포구 정신건강복지센터,기초정신건강복지센터,"서울특별시 영등포구 당산로 123, 영등포구보건소 4층 ",서울,37.525963157053,126.896367130558
영등포아이존,정신재활시설,"서울특별시 영등포구 영등포로 84길 24-14, 2층",서울,37.51157801843,126.92149690112
영생원,정신요양시설,충청북도 옥천군 옥천읍 삼청3길 34,충청북도,36.2604994370543,127.572579178757
영양군 정신건강복지센터,기초정신건강복지센터,경상북도 영양군 영양읍 동서대로 82,경상북도,36.6619458769083,129.118063927826
영월군 정신건강복지센터,기초정신건강복지센터,강원도 영월군 영월읍 하송로 46-43 1층,강원,37.1853042843455,128.461528201701
영주시 정신건강복지센터,기초정신건강복지센터,경상북도 영주시 영주로 159번길 73 영주시치매안심센터 2층,경상북도,36.8287645112789,128.616017970403
영파의료재단 마음향기병원,기초정신건강복지센터,부산광역시 금정구 중앙대로 1777 금정구청 별관 5층,부산,35.2420540392893,129.092454461699
예미담요양병원,기초정신건강복지센터,충청북도 진천군 진천읍 중앙북1길 11-8 진천군보건소 별관 2층,충청북도,36.860610535473,127.439659762118
예산군 정신건강복지센터,기초정신건강복지센터,충청남도 예산군 예산읍 군청로 22,충청남도,36.6808804528171,126.84484993984
예산정신요양원,정신요양시설,충청남도 예산군 예산읍 간양길 258,충청남도,36.7253306878696,126.878419812804
예스홈,정신재활시설,서울특별시 도봉구 우이천로 38 나길 53,서울,37.6530856792162,127.021615485542
예천군 정신건강복지센터,기초정신건강복지센터,경상북도 예천군 예천읍 충효로 424,경상북도,36.6599554947606,128.465573121952
예체르하우스,정신재활시설,서울특별시 강서구 강서로 18아길 25-14 201호,서울,37.5366524368458,126.850886768439
오석산정신요양원,정신요양시설,충청남도 부여군 부여읍 청마로 61,충청남도,36.2797803476817,126.951648042539
온사랑병원,중독관리통합지원센터,"부산광역시 해운대구 반송로853, 반송보건지소1층",부산,35.2300460281409,129.147895718325
완도군 정신건강복지센터,기초정신건강복지센터,전라남도 완도군 완도읍 농공단지길 34,전라남도,34.3358232898291,126.73132457867
요셉의집,정신재활시설,경상북도 청도군 이서면 서원길 3-140,경상북도,35.6567544407145,128.68077237492
요한빌리지,정신재활시설,광주광역시 남구 방림로 5(방림동),광주,35.133765755215,126.918318066285
용산구 정신건강복지센터,기초정신건강복지센터,서울특별시 용산구 녹사평대로150 용산보건소1층,서울,37.5324522944579,126.990478820837
용산새빛,정신재활시설,서울특별시 용산구 원효로 35길 1-22 ,서울,37.5333036270504,126.956109983206
용인시정신건강복지센터(부설) 자살예방센터,자살예방센터,경기도 용인시 기흥구 신갈로 58번길 11 신갈동행정복지센터내3층,경기,37.2725761300647,127.106446575693
우리내꿈터,정신재활시설,"강원도 춘천시 중앙로 104-1,2층",강원,37.8772178809995,127.723228689349
우리누리,정신요양시설,대전광역시 서구 장안로 835,대전,36.1929793058335,127.33298644623
우리둥지,정신재활시설,"대구광역시 달서구 와룡로 9길 75, 파라다이스빌라 A동 505호",대구,35.8364586636483,128.53260762345
우리들정신건강센터,정신재활시설,충청북도 청주시 서원구 청남로 2089,충청북도,36.6187494412376,127.486702624389
우리마을,정신재활시설,"경기도 수원시 영통구 영통로 200번길 43, 영통우리빌 나동",경기,37.2445275627127,127.05899871872
우리집,정신재활시설,"서울특별시 광진구 긴고랑로36길 57-11, 202호",서울,37.5574058364273,127.091229498274
우리집,정신재활시설,경기도 용인시 처인구 금학로 277번길 8-4 우리집,경기,37.2381574127209,127.194816526671
울산대학교병원,기초정신건강복지센터,"울산광역시 동구 봉수로 155, 동구보건소 3층",울산,35.5050745976013,129.416442633895
울진군 정신건강복지센터,기초정신건강복지센터,경상북도 울진군 울진읍 읍내8길 61-8,경상북도,36.9962163133088,129.404599442554
원광학원,기초정신건강복지센터,전라북도 익산시 무왕로 975,전라북도,35.9609947275172,126.966438367938
원주시자살예방센터,자살예방센터,강원도 원주시 원일로 139 건강문화센터 4층,강원,37.3515496042529,127.946802942893
월산사회복귀시설,정신재활시설,인천광역시 부평구 평천로 319-5 에바다빌딩 3층,인천,37.518032865193,126.72558993032
위드유,정신재활시설,"서울특별시 동대문구 한천로 424, 인월빌딩 4층",서울,37.5982620305157,127.067997142659
위캔클럽,정신재활시설,"부산광역시 연제구 중앙대로 1239, 8층 위캔클럽",부산,35.1979048954207,129.078574374547
유쾌한집1,정신재활시설,서울특별시 도봉구 도봉산 3길 12-4 401호,서울,37.686943185063,127.043903642555
유쾌한집2,정신재활시설,서울특별시 도봉구 도봉산 3길 12-4 401호,서울,37.686943185063,127.043903642555
유쾌한집3,정신재활시설,서울특별시 도봉구 도봉산 3길 12-4 401호,서울,37.686943185063,127.043903642555
유쾌한집4,정신재활시설,서울특별시 도봉구 도봉산 3길 12-4 401호,서울,37.686943185063,127.043903642555
은평구 정신건강복지센터,기초정신건강복지센터,서울특별시 은평구 연서로 34길 11,서울,37.6215624703517,126.927691294353
은혜로운집,정신요양시설,서울특별시 은평구 갈현로 15길 27-1,서울,37.607881860058,126.907092770241
은혜원,정신요양시설,경기도 화성시 장안면 포승장안로 1194-24,경기,37.0723843124882,126.847463072241
은혜의집,정신재활시설,인천광역시 강화군 내가면 고비고개로 646-2,인천,37.7291416782351,126.418225258973
을지대학교 을지병원,중독관리통합지원센터,서울특별시 노원구 노원로 16길 15 중계주공 9단지 912동 1층,서울,37.6434450655049,127.073337208198
을지대학교병원,광역정신건강복지센터,대전광역시 중구 대종로 88번길 9,대전,36.3007446985839,127.453286731482
을지대학교병원,기초정신건강복지센터,"대전광역시 대덕구 석봉로 8번길 55, 별관 2층(석봉동, 대덕구보건소)",대전,,
음성소망병원,기초정신건강복지센터,충청북도 음성군 금왕읍 금석로 74,충청북도,36.992074218459,127.59845906141
의령군 정신건강복지센터,기초정신건강복지센터,경상남도 의령군 의병로8길 16,경상남도,35.3177751169182,128.254552295984
의료법인 다사랑의료재단,중독관리통합지원센터,광주광역시 서구 회재로 897-1 2층,광주,35.1230852951634,126.861921866044
의료법인 연강의료재단,기초정신건강복지센터,"제주특별자치도 제주시 연삼로 264, 제주보건소 2층",제주,33.4915999384117,126.52023785153
의료법인 연강의료재단,중독관리통합지원센터,제주특별자치도 제주시 서광로 175(아세아빌딩 5층),제주,33.5003180347391,126.515202972713
의료법인 예경의료재단,중독관리통합지원센터,"경상남도 창원시 마산합포구 합포로 2, 3층",경상남도,35.2026558154341,128.572613574135
의료법인 용인병원 유지재단,광역정신건강복지센터,경기도 수원시 장안구 수성로 245번길 69(정자동) 경기도의료원 2층,경기,37.2918594997553,126.996380749927
의료법인 청주병원,기초정신건강복지센터,충청북도 청주시 청원구 오창읍 과학산업 3로 238,충청북도,36.7104063494075,127.430471329493
의료법인용인병원 유지재단,기초정신건강복지센터,경기도 용인시 기흥구 신갈로 58번길 11,경기,37.2725761300647,127.106446575693
의료법인정화의료재단 김원묵기념 봉생병원,기초정신건강복지센터,부산광역시 동구 구청로1 동구의회 2층,부산,35.1292975675514,129.045298203371
의성군 정신건강복지센터,기초정신건강복지센터,경상북도 의성군 의성읍 안평의성로1122-30,경상북도,36.3596685496843,128.680976976867
의정부시정신건강복지센터 부설 자살예방센터,자살예방센터,경기도 의정부시 범골로 131,경기,37.7361593290305,127.039559500906
이대목동병원,기초정신건강복지센터,서울특별시 양천구 목동서로 339 양천구보건소 지하1층,서울,37.5177061613231,126.865739424322
이레,정신재활시설,"경기도 의정부시 호국로 1304, 제이에스 베네스트 301호",경기,37.7434175652183,127.049073265573
이음,정신재활시설,서울특별시 강동구 성내2동 136-18,서울,37.5341489381531,127.126133705805
이음병원,중독관리통합지원센터,경기도 안양시 만안구 문예로 48 안양시 만안구보건소 5층,경기,37.3858473342855,126.932944470333
이천시자살예방센터,자살예방센터,경기도 이천시 증일동 이섭대천로 1119 2층 ,경기,37.2705232897144,127.445455807645
인광희망의샘,정신재활시설,광주광역시 동구 금남로170-24,광주,35.1522271912635,126.911285811284
인산의료재단 전라북도 마음사랑병원,기초정신건강복지센터,전라북도 완주군 봉동동서로 89,전라북도,35.9373320680723,127.1620979543
인선요양원,정신요양시설,전라남도 순천시 매봉길30,전라남도,34.9656875572731,127.537994106539
인제군 정신건강복지센터,기초정신건강복지센터,강원도 인제군 인제읍 인제로140번길 34,강원,38.063256186042,128.168546457838
인제대학교 부산백병원,기초정신건강복지센터,부산광역시 부산진구 시민공원로 30 부산진구청 별관 건강증진센터 내 2층,부산,35.162830637421,129.05318830381
인제대학교 산학협력단,기초정신건강복지센터,부산광역시 서구 부용로 30 서구보건소 2층 202호,부산,35.1074360292851,129.018038350622
인제대학교 일산백병원,기초정신건강복지센터,경기도 고양시 일산동구 중앙로 1228 동구보건소 2층,경기,37.6559804128513,126.776148650626
인제대학교 일산백병원,기초정신건강복지센터,"경기도 광명시 오리로 613, 3층(하안동)",경기,37.4554109876685,126.878163858407
인제대학교 해운대백병원,기초정신건강복지센터,"부산광역시 기장군 정관읍 용수로11, 정관지소 4층",부산,35.3251972362826,129.179376623452
인천광역시의료원,기초정신건강복지센터,인천광역시 연수구 예술로 20번길 15 ,인천,37.4357830923465,126.699647422306
인천광역시자살예방센터,자살예방센터,인천광역시 남동구 남동대로 774번길 24 가천뇌과학연구원 5층,인천,37.4510392789722,126.709409851144
인천미추홀구 자살예방센터,자살예방센터,"인천광역시 미추홀구 독정이로95, 미추홀구청 본관3청사 2층 ",인천,37.463476921256,126.649980149662
인천미추홀구 정신건강복지센터,기초정신건강복지센터,"인천광역시 미추홀구 독정이로95, 미추홀구청 본관3청사 2층 ",인천,37.463476921256,126.649980149662
인천참사랑병원,기초정신건강복지센터,인천광역시 서구 탁옥로39 서구보건소 4층,인천,37.5444399067256,126.67380607949
인천참사랑병원,중독관리통합지원센터,인천광역시 계양구 계양대로 126,인천,37.5351321162748,126.722925241114
인하대학교 산학협력단,중독관리통합지원센터,인천광역시 연수구 앵고개로183 남동부수도사업소2층,인천,37.4121331509152,126.665986728949
인하대학교 산학협력단,중독관리통합지원센터,"경기도 수원시 팔달구 매산로 89, 2층",경기,37.2704984896655,127.010674176609
인하대학교의과 대학부속병원,기초정신건강복지센터,인천광역시 중구 참외전로 72번길 21 ,인천,37.4772172924214,126.629107679813
인혜의료재단 가나병원,기초정신건강복지센터,부산광역시 남구 유엔평화로 4번길 61 3층,부산,35.1342789428072,129.088539692912
자매정신요양원,정신요양시설,부산광역시 사하구 사리로 37,부산,35.1031495745081,128.998624948622
장성군 정신건강복지센터,기초정신건강복지센터,전라남도 장성군 청운 11길 13,전라남도,35.3045411419959,126.78245347126
장수보건복지센터,정신재활시설,전라북도 장수군 장수읍 장천로 400,전라북도,35.6675871870993,127.520923931955
장안좋은집,정신재활시설,경기도 수원시 장안구 경수대로 908번길 38-14,경기,37.3015927279789,127.012323977182
장유누가병원,기초정신건강복지센터,경상남도 김해시 분성로 227번길 210호,경상남도,35.2324337801483,128.870545889559
전남대학교병원,광역정신건강복지센터,"광주광역시 동구 제봉로 27, 5F",광주,,
전남대학교병원,기초정신건강복지센터,광주광역시 북구 북문대로 43 2층,광주,35.1751898835041,126.880771449173
전라북도 마음사랑병원,기초정신건강복지센터,전라북도 정읍시 수성1로 61 2층,전라북도,35.5779904492435,126.854529770827
전북대학교,중독관리통합지원센터,전라북도 전주시 덕진구 백제대로 689,전라북도,35.8446847695055,127.144413590096
전북대학교병원,기초정신건강복지센터,"전라북도 전주시 덕진구 벚꽃로 55, 덕진진료실 2층",전라북도,35.8293350155675,127.135183011058
전북신세계병원,기초정신건강복지센터,전라북도 군산시 대야면 백마길 16,전라북도,35.9448078485591,126.809878964972
정다운집,정신재활시설,충청남도 부여군 외산면 외산로 79번길 31 1동 101호,충청남도,36.3033395321837,126.701736032151
정성군 정신건강복지센터,기초정신건강복지센터,강원도 정선군 정선읍 녹송로 33,강원,37.3800727951532,128.67143751516
정신요양시설 천봉산요양원,정신요양시설,경상북도 상주시 만산8길 70,경상북도,36.4441274600365,128.150017906055
정심수양원,정신요양시설,대구광역시 동구 팔공산로 254길 123,대구,35.9724477537128,128.68980821448
정심원,정신요양시설,전라북도 완주군 소양면 송광수만로 343번지,전라북도,35.8919465898811,127.241630405673
정진의료재단 영화병원,기초정신건강복지센터,인천광역시 남동구 인주대로819 문화빌딩 6층,인천,37.4488796981918,126.728254863001
제주대학교병원,광역정신건강복지센터,제주특별자치도 제주시 아란 13길 15 제주대학교병원 내 별관 2층,제주,33.4672085209581,126.545201028535
제주정신재활센터,정신재활시설,"제주특별자치도 제주시 동광로 1길11, 4층 ",제주,33.5019418947645,126.528900077245
조선대학교 사회복지회,중독관리통합지원센터,"광주광역시 동구 금남로166(금남로5가, 대화빌딩3층)",광주,35.1524316247241,126.911539105156
종로 행복일굼터,정신재활시설,서울특별시 종로구 종로43길 9,서울,37.5717063998273,127.007613355011
종로아이존,정신재활시설,서울특별시 종로구 자하문로 89,서울,37.5840274363304,126.96997427579
좋은나무,정신재활시설,"서울특별시 중랑구 동일로92길 39-21, 202호",서울,37.5843808555595,127.082222699844
좋은날 ,정신재활시설,"경기도 평택시 통미로18, 가원빌라 가동 301호",경기,36.9921979472836,127.095096002231
좋은사람들,정신재활시설,서울특별시 영등포구 도림로 188-1(대림동),서울,37.4959048141873,126.902026776632
좋은세상,정신재활시설,충청남도 천안시 동남구 구성12길 28-1,충청남도,36.7959208081263,127.16258742855
좋은우리,정신재활시설,"충청남도 천안시 동남구 다가말 2길45, 403호",충청남도,36.7980588834896,127.136807660049
좋은이웃,정신재활시설,충청남도 아산시 음봉면 음봉로 681번길 75,충청남도,36.8382426404579,127.080036318661
좋은이웃센터,정신재활시설,대전광역시 중구 대흥로 171(대흥동),대전,36.325378802061,127.430758910708
좋은친구들,정신재활시설,울산광역시 울주군 온산읍 신경10길 12,울산,35.4328809340881,129.310515969761
주순애원,정신재활시설,경상남도 고성군 고성읍 우산2길312,경상남도,35.0109983629416,128.328574399628
중구아이존,정신재활시설,서울특별시 중구 서소문로6길 16,서울,37.559430257461,126.966259528781
중랑한울지역 정신건강센터,정신재활시설,서울특별시 중랑구 용마산로 115길 65 우주빌딩 4층,서울,37.5982268536431,127.09671689534
진도군 정신건강복지센터,기초정신건강복지센터,전라남도 진도군 진도읍 남동1길 40-9,전라남도,34.4803735097804,126.262916516045
진산요양원,정신요양시설,전라남도 나주시 노안면 노안삼도로 507-22,전라남도,35.0899319422423,126.694545549697
진안군 정신건강복지센터,기초정신건강복지센터,전라북도 진안군 진무로 1189,전라북도,35.7973051037933,127.434777583671
진주시 정신건강복지센터,기초정신건강복지센터,경상남도 진주시 문산읍 월아산로 983,경상남도,35.159128687356,128.163603640239
집으로,정신재활시설,경기도 수원시 권선구 정조로432 미영A 110동 102호,경기,37.2474693136438,127.014533989176
징검다리,정신재활시설,경상북도 안동시 경동로 1047-1번지 2층,경상북도,36.5508962060741,128.767706200255
차지현정신건강 의학과의원,기초정신건강복지센터,인천광역시 계양구 장기서로8 장기보건지소 3층,인천,37.5769129912578,126.734185239807
참누리정신건강상담센터,정신재활시설,대구광역시 북구 대학로 133,대구,35.8961363743727,128.612866255677
참마음,정신재활시설,전라북도 익산시 황등면 황등중앙로 112,전라북도,36.0019940468343,126.943216290782
참사랑낙원,정신요양시설,전라북도 전주시 완산구 바람쐬는길 152,전라북도,35.8029785203237,127.171081463396
참살이클럽하우스,정신재활시설,부산광역시 동래구 중앙대로 1331(3층),부산,35.2059937069628,129.077646936151
참좋은집,정신재활시설,강원도 강릉시 강릉대로 419번길 42,강원,37.7744805479363,128.907437336497
창녕군 정신건강복지센터,기초정신건강복지센터,경상남도 창녕군 창녕읍 우포2로 1189-35,경상남도,,
창원경상대학교병원,광역정신건강복지센터,경상남도 창원시 의창구 동읍 동읍로 457번길 48,경상남도,35.3095941427629,128.651149985932
창원시 마산 정신건강복지센터,기초정신건강복지센터,경상남도 창원시 마산합포구 월영동북로 15,경상남도,35.1823985096714,128.562899668408
창원시 진해 정신건강복지센터,기초정신건강복지센터,경상남도 창원시 진해구 중원동로 62 진해서부보건지소 3층,경상남도,35.1498905879799,128.661937693075
천안시 정신건강복지센터,기초정신건강복지센터,충청남도 천안시 동남구 버들로 40 ,충청남도,36.8071777710683,127.151457098785
천안시자살예방센터,자살예방센터,충청남도 천안시 서북구 서부 8길 29 (성정동 684-1),충청남도,36.8197754975339,127.139883466987
천주의성요한수도회,기초정신건강복지센터,광주광역시 동구 서남로 1 동구보건소 2층,광주,35.1461417002004,126.92309316107
철원군 정신건강복지센터,기초정신건강복지센터,강원도 철원군 갈말읍 군탄로16,강원,38.1481381984609,127.302560199107
청도메타병원,기초정신건강복지센터,경상북도 청도군 화양읍 청화로79-15,경상북도,35.6486668856635,128.737728194728
청소년사회 복귀시설 비상,정신재활시설,서울특별시 관악구 남부순환로 2054 광일빌딩 4층,서울,37.4763369768354,126.976925235707
청송군 정신건강복지센터,기초정신건강복지센터,경상북도 청송군 청송읍 의료원길 19,경상북도,36.4311427144152,129.05177099797
청아의료재단 동서병원,기초정신건강복지센터,경상남도 창원시 의창구 중앙대로 162번길 9,경상남도,,
청아의료재단 동서병원,중독관리통합지원센터,경상남도 창원시 의창구 중앙대로 162번길 9(신월동) 창원보건소 4층,경상남도,,
청양군 정신건강복지센터,기초정신건강복지센터,충청남도 청양군 청양읍 칠갑산로7길 54,충청남도,36.4550204139374,126.80493980231
청원사회복귀시설,정신재활시설,충청북도 청주시 청원구 북이면 신대석성로 121-11,충청북도,36.7379104832963,127.52901492086
청주의료원,기초정신건강복지센터,"충청북도 청주시 서원구 구룡산로 235, 4층",충청북도,36.6160234973064,127.471330492121
청주의료원,중독관리통합지원센터,충청북도 청주시 상당구 대성로 172번길 21. 3층,충청북도,36.6412358645614,127.492925180419
청주정신건강센터,정신재활시설,충청북도 청주시 서원구 청남로 2124,충청북도,36.6216903569939,127.488115943476
축령복음병원,기초정신건강복지센터,경기도 남양주시 경춘로 1037 남양주1청사 신관1층,경기,37.636616841679,127.217995427756
춘천시자살예방센터,자살예방센터,강원도 춘천시 효제길 35,강원,37.8713350506268,127.73722022094
충남대학교 간호과학연구소,기초정신건강복지센터,충청남도 금산군 금산읍 금산로 1559 다락원스포츠센터 내 1층,충청남도,36.1120666337274,127.491638763182
충남대학교 산학협력단,기초정신건강복지센터,충청북도 옥천군 옥천읍 삼양로 8길 10,충청북도,36.30450722107,127.570119626034
충남대학교병원,기초정신건강복지센터,대전광역시 동구 현암로 22(삼성동),대전,36.3429869594364,127.420461688981
충남대학교병원,기초정신건강복지센터,세종특별자치시 조치원읍 수원지1길16 세종시립의원 2층,세종,36.6072560553955,127.300018441829
충북대학교병원,광역정신건강복지센터,충청북도 청주시 서원구 1순환로 771,충청북도,36.6251933164177,127.463868279171
충북대학교병원,기초정신건강복지센터,충청북도 청주시 상당구 남일면 단재로 480,충청북도,36.588268875467,127.50594356254
충주어울림센터,정신재활시설,충청북도 충주시 도장관주로 34-12,충청북도,36.9505150257705,127.921627528511
칠곡시몬병원,기초정신건강복지센터,경상북도 칠곡군 왜관읍 관문로1길 30,경상북도,35.9907079722117,128.418640579472
카톨릭대학교 산학협력단,기초정신건강복지센터,경기도 시흥시 호현로 55,경기,37.445536329493,126.785314070012
카프여성거주시설,정신재활시설,서울특별시 마포구 성미산로5길 50-15,서울,37.5611669687363,126.909723095844
카프이용센터,정신재활시설,경기도 고양시 일산동구 일산로 86,경기,37.645161571427,126.791111412513
카프치료 공동체 둥지,정신재활시설,"서울특별시 은평구 연서로 37가길 10-10, 201호",서울,37.6250619838288,126.926075041113
카프치료공동체 감나무집,정신재활시설,서울특별시 마포구 연남동 565-37,서울,37.5598831248563,126.920346025303
컴넷하우스,정신재활시설,부산광역시 수영구 망미배산로 76번나길 27,부산,35.1769751336274,129.098285508516
큰빛병원,기초정신건강복지센터,"울산광역시 남구 삼산중로 132(삼산동, 남구보건소 3층)",울산,35.5453576406517,129.336328344544
클럽하우스 해피투게더,정신재활시설,인천광역시 계양구 계양산로 19(2층),인천,37.5455079218873,126.718889424421
태안군 정신건강복지센터,기초정신건강복지센터,충청남도 태안군 태안읍 서해로 1952-16,충청남도,36.7518107606513,126.323232114336
태화샘솟는집,정신재활시설,서울특별시 마포구 아현동 772,서울,37.5509857257518,126.952791643691
태화해뜨는샘,정신재활시설,서울특별시 강남구 광평로 185 태화기독교사회복지관 3층,서울,37.4848291050641,127.093396177577
태훈의료재단,기초정신건강복지센터,경상북도 봉화군 봉화읍 봉화로 1203,경상북도,36.890718784526,128.741854281402
통영시 정신건강복지센터,기초정신건강복지센터,"경상남도 통영시 안개4길 108,3층",경상남도,34.8598079901343,128.432014192291
파란마음,정신재활시설,"서울특별시 은평구 갈현로 33길 32, 201호",서울,37.6217263373237,126.913100006782
파랑새둥지,정신요양시설,충청남도 아산시 신창면 온천대로 842번길 111,충청남도,36.7754863489121,126.943898077792
파주시정신건강복지센터(부설) 자살예방센터,자살예방센터,경기도 파주시 봉천로 68 파주건강증진센터 1층,경기,37.7450790671407,126.805011190254
평택시 정신건강복지센터,기초정신건강복지센터,경기도 평택시 평택5호 56 평택보건소 A동 2층,경기,,
평화의집,정신재활시설,강원도 춘천시 춘천로 281번길 14-6,강원,37.8816269038724,127.74399536146
평화정신재활시설,정신재활시설,"서울특별시 노원구 노원로 331, 평화종합사회복지관 3층(중계동)",서울,37.6461706893207,127.069521539074
포천시정신건강복지센터,기초정신건강복지센터,경기도 포천시 포천로 1612 보건소 3층,경기,37.9008261233629,127.201260916689
포항시 중독관리통합지원센터,중독관리통합지원센터,경상북도 포항시 북구 삼흥로98 ,경상북도,36.0706618169576,129.380437428062
포항시남구 정신건강복지센터,기초정신건강복지센터,경상북도 포항시 남구 동해안로6119번길,경상북도,35.9924409415333,129.396224430861
포항시북구 정신건강복지센터,기초정신건강복지센터,경상북도 포항시 북구 삼흥로98,경상북도,36.0706618169576,129.380437428062
푸른존,정신재활시설,"서울특별시 강북구 도봉로 66길 35, 1층(미아동)",서울,37.6306764286325,127.026729807761
품,정신재활시설,충청남도 천안시 동남구 양지19길 12-13,충청남도,36.8124416406843,127.135205542624
하남시정신건강복지센터,기초정신건강복지센터,"경기도 하남시 미사강변대로 200, 미사보건센터 2층",경기,37.5676390848,127.185540974827
하늘소,정신재활시설,"서울특별시 양천구 화곡로 8길 21-4, 2층",서울,37.5374423051811,126.830049580887
하동군 정신건강복지센터,기초정신건강복지센터,경상남도 하동군 하동읍 군청로 31,경상남도,35.0669002864805,127.75287354288
하모니공동생활가정,정신재활시설,충청남도 천안시 동남구 원성8길 16,충청남도,36.8110938180452,127.164155288168
하얀마음,정신재활시설,"서울특별시 송파구 석촌호수로 20길 28-1, 201호",서울,37.5049260215979,127.102874646907
학교법인 원광학원(원광대학교병원),광역정신건강복지센터,전라북도 전주시 완산구 홍산북로 57 아이원빌딩 4층,전라북도,35.8176275265004,127.10815025921
한가정,정신재활시설,"대전광역시 서구 남선로 60번길 45, 3층(탄방동)",대전,36.3485911297918,127.401345240907
한국생명의전화,중독관리통합지원센터,"대전광역시 동구 동대전로 333, 3층(가양동)",대전,36.3500355450857,127.442460984979
한그루,정신재활시설,"서울특별시 구로구 서해안로 30길 17, 301",서울,,
한림대학교 성심병원,기초정신건강복지센터,경기도 안양시 만안구 문예로 48,경기,37.3858473342855,126.932944470333
한림대학교 춘천성심병원,기초정신건강복지센터,경기도 가평군 가평읍 가화로 155-15,경기,37.8330135308471,127.510822815337
한림대학교 춘천성심병원,중독관리통합지원센터,강원도 춘천시 삭주로84 수인빌딩3층 ,강원,37.8833965987947,127.740265319333
한마음세상,정신재활시설,"서울특별시 강서구 초록마을로 32길, 33-18",서울,37.5378984455056,126.846331149812
한마음의집,정신재활시설,"서울특별시 서대문구 연희로39다길 20, 1층",서울,37.587118608554,126.931611852443
한마음정신보건재활센터,정신재활시설,경상북도 경주시 동성로 35,경상북도,35.8437105647939,129.204324647311
한미래사회복귀센터,정신재활시설,"부산광역시 부산진구 거제대로 16-4, 4층 ",부산,35.1699505855346,129.067696405406
한별정신건강병원,기초정신건강복지센터,경기도 김포시 사우중로 108보건소 별관2층,경기,37.6237456885598,126.723079568799
한빛둥지,정신재활시설,대전광역시 서구 변동로 12-1(변동),대전,36.3273895228519,127.375154117803
한빛하우스,정신재활시설,"서울특별시 서대문구 연희로39다길 20, 2층",서울,37.587118608554,126.931611852443
한사랑,정신재활시설,전라북도 완주군 상관면 신리로 61,전라북도,35.7681571302566,127.209912380932
한사랑병원,중독관리통합지원센터,경상남도 김해시 분성로227번길 211호,경상남도,35.2324337801483,128.870545889559
한서중앙병원,기초정신건강복지센터,"경기도 연천군 은대성로 95, 연천군보건의료원내 연천군정신건강복지센터",경기,38.023533545582,127.060962442077
한양대학교 산학협력단,기초정신건강복지센터,경기도 구리시 건원대로 34번길 84 ,경기,37.6047362502725,127.145079354621
한양대학교병원,기초정신건강복지센터,서울특별시 성동구 행당로12,서울,37.5544843259122,127.021371721475
한울림,정신재활시설,서울특별시 성북구 보국문로 6길 5-10번지 202호,서울,37.6062990491214,127.011629226319
한울빌리지,정신요양시설,충청남도 논산시 양촌면 계백한전길 161,충청남도,36.1938654042174,127.196510557507
한울지역 정신건강센터,정신재활시설,서울특별시 관악구 장군봉길 46,서울,37.4809648149286,126.939275657359
한울타리,정신재활시설,"대전광역시 서구 도산로 131-1, 3층(도마동)",대전,36.3202160946963,127.37742913324
함양군 정신건강복지센터,기초정신건강복지센터,경상남도 함안군 중앙남4길 10,경상남도,35.2757587210189,128.410267484337
함양군 정신건강복지센터,기초정신건강복지센터,경상남도 함양군 함양읍 한들로 139,경상남도,35.5195523316478,127.731476256039
함양정신요양원,정신요양시설,경상남도 함양군 함양읍 월명길12,경상남도,35.5202663104547,127.77909257858
함평군 정신건강복지센터,기초정신건강복지센터,전라남도 함평군 함평읍 중앙길 54-8,전라남도,35.0619034096447,126.524255091884
합천군 정신건강복지센터,기초정신건강복지센터,경상남도 합천군 합천읍 동서로39,경상남도,35.5679281116892,128.156753359361
해남군 정신건강복지센터,기초정신건강복지센터,전라남도 해남군 해남읍 해남로 46,전라남도,34.5704310999028,126.612093453988
해맑은뜰,정신재활시설,"서울특별시 은평구 갈현로 47길 32-14, 101호",서울,37.6290587631556,126.916618480842
해맑은미소,정신재활시설,"경기도 안산시 상록구 태마당로 1길4, c동 101호(부곡동, 양지하이츠빌라)",경기,37.3306547704799,126.862773361365
해바라기 ,정신재활시설,"경기도 화성시 병점3로 38-2, 태림빌라다동 101호",경기,37.2080606774283,127.037675954012
해비치,정신재활시설,서울특별시 서대문구 증가로 24마길 11,서울,37.5827437014007,126.916934179899
해사랑,정신재활시설,"서울특별시 은평구 연서로41길 41, 301호",서울,37.6273443283145,126.925162217929
해솔,정신재활시설,경기도 성남시 중원구 자혜로 16번길 28-1 401호,경기,37.4479882375059,127.160283167209
해오름,정신재활시설,서울특별시 마포구 망원로11길 27-54,서울,37.5586076826782,126.905682669655
해운대백병원,기초정신건강복지센터,부산광역시 수영구 수영로 637-5수영구보건소 2층,부산,35.1624774001588,129.113488239708
해운대자명병원,기초정신건강복지센터,"부산광역시 해운대구 양운로 37번길 59, 보건소 내 2층",부산,35.1641127009786,129.178659397782
해인공동생활가정,정신재활시설,"세종특별자치시 전의면 산단길 3-11, 정원빌리지 2동 101호",세종,36.7022690937019,127.212214341544
해인정신건강상담센터,정신재활시설,"대구광역시 중구 명덕로 261, 2층",대구,35.8557990307992,128.598600695569
해찬솔,정신재활시설,"대전광역시 대덕구 대덕대로 1587, 금강로하스엘크루103-603호(석봉동)",대전,36.4534474443076,127.422093644024
해피하우스,정신재활시설,"인천광역시 연수구 한나루186번길54, 101호(옥련동)",인천,,
해피하우스 ,정신재활시설,"경기도 평택시 성동로 11번길 20-11, 하애빌라 2동 103호",경기,36.995587405181,127.091381375875
해피하우스다솜,정신재활시설,충청북도 충주시 대소원면 창현로 654-17,충청북도,36.913159793376,127.868048371281
햇살한줌,정신재활시설,대전광역시 대덕구 한남로 150번길 16(오정동),대전,36.3479492902026,127.413432408181
행복나무,정신재활시설,부산광역시 기장군 정관읍 정관로 583 대한빌딩 301호,부산,35.3211640318368,129.177766013311
행복샘,정신재활시설,경기도 수원시 권선구 정조로432 미영A 106동 107호 ,경기,37.2474693136438,127.014533989176
행복울타리,정신재활시설,대전광역시 대덕구 대전로 1387번길 28,대전,36.3779245519513,127.419704185724
행복을 만드는 집,정신재활시설,서울특별시 강북구 노해로 33길 29-3,서울,37.6462502318875,127.022827631761
행복의꿈,정신재활시설,충청남도 천안시 동남구 다가13길 17,충청남도,36.8019335229989,127.14305588876
행복이룸,정신재활시설,충청북도 청주시 흥덕구 오송읍 만수길 13-9 301호,충청북도,36.6242578809495,127.326158089323
행복자리,정신재활시설,경상북도 칠곡군 약목면 관호8길 28-18 101동 307호,경상북도,36.0016926816916,128.38806753102
행복정신건강센터,정신재활시설,서울특별시 강동구 진황도로119 4층 ,서울,37.5349128324106,127.139565994686
행복주는의원,기초정신건강복지센터,경기도 오산시 경기동로 59 보건소2층,경기,37.1593504641529,127.077846490738
행복한집,정신재활시설,"부산광역시 남구 용소로 64번길 49-1, 1층",부산,35.1314894983696,129.098488879319
행복한집,정신재활시설,대구광역시 남구 장전1길 149,대구,35.8406970057818,128.578748368295
행복한집,정신재활시설,전라북도 전주시 덕진구 인교로35-25 뉴도현빌 501호,전라북도,35.8255219331699,127.172276771513
행복한하루,정신재활시설,서울특별시 도봉구 시루봉로 15라길 7-7 301호(방학동),서울,37.6687305460552,127.03243371673
향기로운집,정신재활시설,경기도 수원시 권선구 세류3동 817-93번지2층,경기,37.2620031314767,127.019082956935
헤세드하우스 ,정신재활시설,경기도 포천시 소흘읍 광릉수목원로 664,경기,37.7720086159066,127.163757223591
혜광의료재단 충북병원,기초정신건강복지센터,충청북도 증평군 증평읍 보건복지로 64-1,충청북도,36.7742462134147,127.586726038751
혜광의료재단 충북병원,기초정신건강복지센터,충청북도 청주시 흥덕구 비하로15번길 16,충청북도,36.6285801162732,127.424267710044
혜민재활의집,정신재활시설,경기도 파주시 조리읍 문원길 263-6 밀레니엄 B-202,경기,37.7263027453362,126.812821945171
혜민재활의집2,정신재활시설,"경기도 파주시 조리읍 능안로 87, 303",경기,,
홀로서기,정신재활시설,경기도 수원시 권선구 세권로 221번길 24 1층,경기,37.2556914608334,127.029055919283
홍선군 정신건강복지센터,기초정신건강복지센터,충청남도 홍성군 홍성읍 문화로 106,충청남도,36.5966411927525,126.66306045113
홍성정신요양원,정신요양시설,충청남도 홍성군 홍성읍 대내길 97,충청남도,36.6127284766157,126.674468486004
홍천군자살예방센터,자살예방센터,강원도 홍천군 홍천읍 신장대로 5,강원,37.6902218742468,127.8772937235
화곡하늘샘,정신재활시설,"서울특별시 강서구 방화대로6 다길 10-12, 401호",서울,37.5556482108969,126.817538898049
화천군 정신건강복지센터,기초정신건강복지센터,강원도 화천군 화천읍 강변로 111,강원,38.1073827486505,127.709077959504
희망,정신재활시설,충청남도 천안시 동남구 고재 24길 5,충청남도,36.8056004076066,127.162295467058
희망빌,정신재활시설,"대구광역시 남구 봉덕로9길 84-2, 4층",대구,35.8483820004511,128.597115162595
희망의그루터기,정신재활시설,전라북도 군산시 둔배미길6-6,전라북도,35.9808666290902,126.714553809063
희망의쉼터,정신재활시설,전라북도 군산시 둔배미길6-2,전라북도,35.9809556706913,126.714553710169
희망의집,정신재활시설,경상북도 경산시 자인면 설총로 841-9,경상북도,35.8120485719135,128.826344319662
희망일터,정신재활시설,인천광역시 강화군 화도면 마니산로 359,인천,37.631439747378,126.454878023407
희망집,정신재활시설,경기도 오산시 경기동로 8번길 28 라동 102호,경기,37.1562818890175,127.074515834635
힐링타운,정신재활시설,대전광역시 대덕구 송촌남로55-12,대전,36.3562569910914,127.44381586504
힐링하우스,정신재활시설,"경기도 안산시 상록구 석호공원로 2길7, 401호(사동)",경기,37.3008156269759,126.849099848761
